x-axis,1,2
second,Volt,Volt
-24.80000E-03,,
-24.77500E-03,,
-24.75000E-03,-2.00240262E+00,-13.95399E-03
-24.72500E-03,-2.00601669E+00,-13.97509E-03
-24.70000E-03,-2.01382774E+00,-13.92886E-03
-24.67500E-03,-2.01697548E+00,-13.97308E-03
-24.65000E-03,-2.02280463E+00,-14.05047E-03
-24.62500E-03,-2.02746794E+00,-13.99419E-03
-24.60000E-03,-2.03283076E+00,-14.07258E-03
-24.57500E-03,-2.03527900E+00,-14.07359E-03
-24.55000E-03,-2.03737749E+00,-13.92786E-03
-24.52500E-03,-2.04309006E+00,-13.94394E-03
-24.50000E-03,-2.04612121E+00,-13.92384E-03
-24.47500E-03,-2.05090111E+00,-13.89168E-03
-24.45000E-03,-2.05195035E+00,-13.86957E-03
-24.42500E-03,-2.05486493E+00,-13.79218E-03
-24.40000E-03,-2.05533126E+00,-13.84344E-03
-24.37500E-03,-2.05777950E+00,-13.89369E-03
-24.35000E-03,-2.06314232E+00,-13.89771E-03
-24.32500E-03,-2.06360865E+00,-13.84344E-03
-24.30000E-03,-2.06512423E+00,-13.97007E-03
-24.27500E-03,-2.06465790E+00,-13.89369E-03
-24.25000E-03,-2.06885487E+00,-13.89369E-03
-24.22500E-03,-2.06932121E+00,-13.97007E-03
-24.20000E-03,-2.06943779E+00,-13.98816E-03
-24.17500E-03,-2.07025387E+00,-13.90072E-03
-24.15000E-03,-2.06943779E+00,-14.01630E-03
-24.12500E-03,-2.07235236E+00,-13.95399E-03
-24.10000E-03,-2.06943779E+00,-14.02535E-03
-24.07500E-03,-2.07235236E+00,-14.01529E-03
-24.05000E-03,-2.06967095E+00,-14.03841E-03
-24.02500E-03,-2.06943779E+00,-14.04947E-03
-24.00000E-03,-2.07118654E+00,-14.06957E-03
-23.97500E-03,-2.07072021E+00,-14.09168E-03
-23.95000E-03,-2.07153628E+00,-14.08062E-03
-23.92500E-03,-2.06617346E+00,-14.00323E-03
-23.90000E-03,-2.06640664E+00,-14.11982E-03
-23.87500E-03,-2.06127698E+00,-14.07962E-03
-23.85000E-03,-2.05964483E+00,-14.09469E-03
-23.82500E-03,-2.05195035E+00,-14.04444E-03
-23.80000E-03,-2.05195035E+00,-14.09469E-03
-23.77500E-03,-2.04856944E+00,-14.05751E-03
-23.75000E-03,-2.04029207E+00,-14.01932E-03
-23.72500E-03,-2.04029206E+00,-13.94796E-03
-23.70000E-03,-2.03551218E+00,-13.95298E-03
-23.67500E-03,-2.03003276E+00,-14.00625E-03
-23.65000E-03,-2.02466995E+00,-14.03741E-03
-23.62500E-03,-2.01872421E+00,-14.07459E-03
-23.60000E-03,-2.01114634E+00,-14.07258E-03
-23.57500E-03,-2.00240262E+00,-14.12283E-03
-23.55000E-03,-1.99738954E+00,-14.08062E-03
-23.52500E-03,-1.98911216E+00,-14.04746E-03
-23.50000E-03,-1.98374934E+00,-14.06454E-03
-23.47500E-03,-1.97547195E+00,-14.09469E-03
-23.45000E-03,-1.96719457E+00,-14.09670E-03
-23.42500E-03,-1.95891718E+00,-14.16806E-03
-23.40000E-03,-1.95285488E+00,-14.11278E-03
-23.37500E-03,-1.94352823E+00,-14.13489E-03
-23.35000E-03,-1.93699959E+00,-14.09771E-03
-23.32500E-03,-1.92580763E+00,-14.19218E-03
-23.30000E-03,-1.91753025E+00,-14.03741E-03
-23.27500E-03,-1.91205086E+00,-14.11881E-03
-23.25000E-03,-1.90155838E+00,-14.02937E-03
-23.22500E-03,-1.89269808E+00,-13.99419E-03
-23.20000E-03,-1.88442070E+00,-14.02032E-03
-23.17500E-03,-1.87614331E+00,-14.00323E-03
-23.15000E-03,-1.86786592E+00,-14.08263E-03
-23.12500E-03,-1.85667396E+00,-14.01932E-03
-23.10000E-03,-1.85084483E+00,-14.02334E-03
-23.07500E-03,-1.83813727E+00,-14.06957E-03
-23.05000E-03,-1.82892723E+00,-14.04444E-03
-23.02500E-03,-1.81960058E+00,-13.97610E-03
-23.00000E-03,-1.80945788E+00,-14.08967E-03
-22.97500E-03,-1.80118050E+00,-14.09268E-03
-22.95000E-03,-1.79033827E+00,-14.06354E-03
-22.92500E-03,-1.78171115E+00,-14.00424E-03
-22.90000E-03,-1.77051919E+00,-14.06153E-03
-22.87500E-03,-1.75932723E+00,-14.08464E-03
-22.85000E-03,-1.75104984E+00,-14.17710E-03
-22.82500E-03,-1.73985788E+00,-14.14695E-03
-22.80000E-03,-1.73134734E+00,-14.07359E-03
-22.77500E-03,-1.71817345E+00,-14.10173E-03
-22.75000E-03,-1.70919658E+00,-14.05952E-03
-22.72500E-03,-1.69800462E+00,-14.09469E-03
-22.70000E-03,-1.68681266E+00,-14.14796E-03
-22.67500E-03,-1.67562070E+00,-14.12987E-03
-22.65000E-03,-1.66442874E+00,-14.09771E-03
-22.62500E-03,-1.65381968E+00,-14.06957E-03
-22.60000E-03,-1.64309405E+00,-13.97811E-03
-22.57500E-03,-1.63085286E+00,-14.00525E-03
-22.55000E-03,-1.61872822E+00,-14.06153E-03
-22.52500E-03,-1.60846894E+00,-14.00625E-03
-22.50000E-03,-1.59727698E+00,-13.99419E-03
-22.47500E-03,-1.58561870E+00,-14.08263E-03
-22.45000E-03,-1.57687498E+00,-14.05148E-03
-22.42500E-03,-1.56370110E+00,-14.00625E-03
-22.40000E-03,-1.55250914E+00,-14.01429E-03
-22.37500E-03,-1.53840260E+00,-14.07459E-03
-22.35000E-03,-1.52721064E+00,-13.99419E-03
-22.32500E-03,-1.51636842E+00,-13.96303E-03
-22.30000E-03,-1.50191215E+00,-14.04444E-03
-22.27500E-03,-1.49363477E+00,-14.04746E-03
-22.25000E-03,-1.48127696E+00,-13.99419E-03
-22.22500E-03,-1.46903579E+00,-14.03238E-03
-22.20000E-03,-1.45691113E+00,-14.01529E-03
-22.17500E-03,-1.44303778E+00,-13.99821E-03
-22.15000E-03,-1.43184582E+00,-14.06253E-03
-22.12500E-03,-1.41599052E+00,-14.06454E-03
-22.10000E-03,-1.40363275E+00,-13.95499E-03
-22.07500E-03,-1.38952622E+00,-13.96906E-03
-22.05000E-03,-1.37250512E+00,-13.90575E-03
-22.02500E-03,-1.35851515E+00,-14.04143E-03
-22.00000E-03,-1.34662373E+00,-13.92384E-03
-21.97500E-03,-1.33123474E+00,-13.98313E-03
-21.95000E-03,-1.31607899E+00,-13.92987E-03
-21.92500E-03,-1.30197245E+00,-13.98615E-03
-21.90000E-03,-1.28495135E+00,-13.94394E-03
-21.87500E-03,-1.26793022E+00,-13.89369E-03
-21.85000E-03,-1.25382371E+00,-13.87258E-03
-21.82500E-03,-1.23482067E+00,-13.88565E-03
-21.80000E-03,-1.21826590E+00,-13.81630E-03
-21.77500E-03,-1.20171113E+00,-13.82534E-03
-21.75000E-03,-1.18282471E+00,-13.83841E-03
-21.72500E-03,-1.16568700E+00,-14.01730E-03
-21.70000E-03,-1.14878250E+00,-13.98514E-03
-21.67500E-03,-1.12966288E+00,-13.90072E-03
-21.65000E-03,-1.11182572E+00,-13.91077E-03
-21.62500E-03,-1.09363876E+00,-13.84344E-03
-21.60000E-03,-1.07486894E+00,-13.88866E-03
-21.57500E-03,-1.05761464E+00,-13.77208E-03
-21.55000E-03,-1.03814529E+00,-13.84746E-03
-21.52500E-03,-1.02380562E+00,-13.84344E-03
-21.50000E-03,-1.00503575E+00,-13.90876E-03
-21.47500E-03,-986.84884E-03,-13.83238E-03
-21.45000E-03,-969.01163E-03,-13.73590E-03
-21.42500E-03,-949.89205E-03,-13.82836E-03
-21.40000E-03,-932.87095E-03,-13.82233E-03
-21.37500E-03,-914.10105E-03,-13.79318E-03
-21.35000E-03,-896.96338E-03,-13.71781E-03
-21.32500E-03,-878.89306E-03,-13.71982E-03
-21.30000E-03,-863.85384E-03,-13.70876E-03
-21.27500E-03,-844.38449E-03,-13.74293E-03
-21.25000E-03,-827.82971E-03,-13.76806E-03
-21.22500E-03,-807.89406E-03,-13.74293E-03
-21.20000E-03,-790.87296E-03,-13.78414E-03
-21.17500E-03,-773.85185E-03,-13.79218E-03
-21.15000E-03,-755.78147E-03,-13.77509E-03
-21.12500E-03,-737.47801E-03,-13.74796E-03
-21.10000E-03,-719.75735E-03,-13.67057E-03
-21.07500E-03,-702.85286E-03,-13.68967E-03
-21.05000E-03,-685.83175E-03,-13.76504E-03
-21.02500E-03,-668.81064E-03,-13.67861E-03
-21.00000E-03,-650.62368E-03,-13.63238E-03
-20.97500E-03,-631.85386E-03,-13.68565E-03
-20.95000E-03,-614.59956E-03,-13.59419E-03
-20.92500E-03,-600.72622E-03,-13.59017E-03
-20.90000E-03,-580.79054E-03,-13.54896E-03
-20.87500E-03,-562.02067E-03,-13.49670E-03
-20.85000E-03,-543.83376E-03,-13.47761E-03
-20.82500E-03,-526.81265E-03,-13.52384E-03
-20.80000E-03,-509.44177E-03,-13.48464E-03
-20.77500E-03,-492.77044E-03,-13.66655E-03
-20.75000E-03,-472.83477E-03,-13.53690E-03
-20.72500E-03,-455.81366E-03,-13.62635E-03
-20.70000E-03,-440.30810E-03,-13.57811E-03
-20.67500E-03,-423.75333E-03,-13.53389E-03
-20.65000E-03,-404.75034E-03,-13.50474E-03
-20.62500E-03,-387.72924E-03,-13.46655E-03
-20.60000E-03,-371.17443E-03,-13.44947E-03
-20.57500E-03,-353.68703E-03,-13.40826E-03
-20.55000E-03,-335.15031E-03,-13.31580E-03
-20.52500E-03,-321.51011E-03,-13.39319E-03
-20.50000E-03,-302.62371E-03,-13.30072E-03
-20.47500E-03,-285.60260E-03,-13.36303E-03
-20.45000E-03,-268.93122E-03,-13.36303E-03
-20.42500E-03,-254.47497E-03,-13.35901E-03
-20.40000E-03,-238.73624E-03,-13.30776E-03
-20.37500E-03,-220.43276E-03,-13.27057E-03
-20.35000E-03,-203.41165E-03,-13.22836E-03
-20.32500E-03,-189.30512E-03,-13.19821E-03
-20.30000E-03,-175.19858E-03,-13.24042E-03
-20.27500E-03,-158.87694E-03,-13.18414E-03
-20.25000E-03,-144.07095E-03,-13.14494E-03
-20.22500E-03,-128.68197E-03,-13.13389E-03
-20.20000E-03,-112.94331E-03,-13.12585E-03
-20.17500E-03,-98.83678E-03,-13.03338E-03
-20.15000E-03,-84.84679E-03,-12.96705E-03
-20.12500E-03,-73.53828E-03,-12.94896E-03
-20.10000E-03,-59.43175E-03,-12.82032E-03
-20.07500E-03,-45.32522E-03,-12.82735E-03
-20.05000E-03,-33.20056E-03,-12.79620E-03
-20.02500E-03,-19.56036E-03,-12.71278E-03
-20.00000E-03,-5.92023E-03,-12.61228E-03
-19.97500E-03,+5.27177E-03,-12.55298E-03
-19.95000E-03,+17.39636E-03,-12.55298E-03
-19.92500E-03,+29.17130E-03,-12.56505E-03
-19.90000E-03,+40.71294E-03,-12.53489E-03
-19.87500E-03,+50.62256E-03,-12.39620E-03
-19.85000E-03,+61.23157E-03,-12.31178E-03
-19.82500E-03,+72.42353E-03,-12.26052E-03
-19.80000E-03,+83.61549E-03,-12.34695E-03
-19.77500E-03,+91.89287E-03,-12.24645E-03
-19.75000E-03,+101.91897E-03,-12.18012E-03
-19.72500E-03,+111.36222E-03,-12.02836E-03
-19.70000E-03,+119.87281E-03,-12.07258E-03
-19.67500E-03,+130.83157E-03,-11.84745E-03
-19.65000E-03,+139.10895E-03,-11.83339E-03
-19.62500E-03,+145.63756E-03,-11.86354E-03
-19.60000E-03,+154.38128E-03,-11.79720E-03
-19.57500E-03,+163.94112E-03,-11.70072E-03
-19.55000E-03,+172.21850E-03,-11.69570E-03
-19.52500E-03,+183.29392E-03,-11.63138E-03
-19.50000E-03,+188.77328E-03,-11.55198E-03
-19.47500E-03,+195.18530E-03,-11.51781E-03
-19.45000E-03,+203.92902E-03,-11.45550E-03
-19.42500E-03,+211.62357E-03,-11.38112E-03
-19.40000E-03,+218.96825E-03,-11.27660E-03
-19.37500E-03,+227.24560E-03,-11.25549E-03
-19.35000E-03,+235.52303E-03,-11.17107E-03
-19.32500E-03,+241.81846E-03,-10.98615E-03
-19.30000E-03,+249.16323E-03,-10.96504E-03
-19.27500E-03,+254.52604E-03,-10.87660E-03
-19.25000E-03,+262.80343E-03,-10.74293E-03
-19.22500E-03,+268.16624E-03,-10.65248E-03
-19.20000E-03,+273.52906E-03,-10.57409E-03
-19.17500E-03,+279.70791E-03,-10.49067E-03
-19.15000E-03,+287.16926E-03,-10.49067E-03
-19.12500E-03,+292.53207E-03,-10.36102E-03
-19.10000E-03,+297.89489E-03,-10.16303E-03
-19.07500E-03,+303.25770E-03,-10.04947E-03
-19.05000E-03,+311.53509E-03,-10.04746E-03
-19.02500E-03,+316.89790E-03,-9.85348E-03
-19.00000E-03,+323.42650E-03,-9.76303E-03
-18.97500E-03,+327.62353E-03,-9.65550E-03
-18.95000E-03,+332.98634E-03,-9.52987E-03
-18.92500E-03,+338.34916E-03,-9.41529E-03
-18.90000E-03,+343.71197E-03,-9.32384E-03
-18.87500E-03,+346.74309E-03,-9.22535E-03
-18.85000E-03,+355.48681E-03,-9.08565E-03
-18.82500E-03,+358.40138E-03,-8.98313E-03
-18.80000E-03,+362.24866E-03,-8.79218E-03
-18.77500E-03,+370.05967E-03,-8.62233E-03
-18.75000E-03,+372.97424E-03,-8.44143E-03
-18.72500E-03,+375.88882E-03,-8.33188E-03
-18.70000E-03,+382.65058E-03,-8.19922E-03
-18.67500E-03,+386.03148E-03,-8.00022E-03
-18.65000E-03,+392.32696E-03,-7.85951E-03
-18.62500E-03,+396.87378E-03,-7.60223E-03
-18.60000E-03,+399.20540E-03,-7.50876E-03
-18.57500E-03,+401.77027E-03,-7.38313E-03
-18.55000E-03,+407.94912E-03,-7.18112E-03
-18.52500E-03,+410.86369E-03,-7.05348E-03
-18.50000E-03,+416.69283E-03,-6.85851E-03
-18.47500E-03,+419.60741E-03,-6.69670E-03
-18.45000E-03,+422.52198E-03,-6.55097E-03
-18.42500E-03,+425.43655E-03,-6.35801E-03
-18.40000E-03,+430.56625E-03,-6.21127E-03
-18.37500E-03,+434.18027E-03,-6.03439E-03
-18.35000E-03,+440.00942E-03,-5.84544E-03
-18.32500E-03,+440.82554E-03,-5.70273E-03
-18.30000E-03,+442.92399E-03,-5.44243E-03
-18.27500E-03,+445.72203E-03,-5.20122E-03
-18.25000E-03,+448.75314E-03,-5.04444E-03
-18.22500E-03,+448.75314E-03,-4.72685E-03
-18.20000E-03,+453.18324E-03,-4.59720E-03
-18.17500E-03,+457.49685E-03,-4.47258E-03
-18.15000E-03,+457.49685E-03,-4.27459E-03
-18.12500E-03,+460.41143E-03,-4.01931E-03
-18.10000E-03,+460.87771E-03,-3.85549E-03
-18.07500E-03,+466.24057E-03,-3.60022E-03
-18.05000E-03,+467.75620E-03,-3.41630E-03
-18.02500E-03,+470.20444E-03,-3.18816E-03
-18.00000E-03,+472.06972E-03,-3.01931E-03
-17.97500E-03,+472.06972E-03,-2.81127E-03
-17.95000E-03,+477.54916E-03,-2.53288E-03
-17.92500E-03,+477.89886E-03,-2.39318E-03
-17.90000E-03,+479.18123E-03,-2.05650E-03
-17.87500E-03,+481.97932E-03,-1.96906E-03
-17.85000E-03,+485.94304E-03,-1.73288E-03
-17.82500E-03,+486.64258E-03,-1.52786E-03
-17.80000E-03,+486.87570E-03,-1.30776E-03
-17.77500E-03,+489.55716E-03,-1.09771E-03
-17.75000E-03,+492.47173E-03,-923.84E-06
-17.72500E-03,+494.10384E-03,-716.80E-06
-17.70000E-03,+495.38630E-03,-477.60E-06
-17.67500E-03,+497.95107E-03,-219.31E-06
-17.65000E-03,+498.30087E-03,+169.63E-06
-17.62500E-03,+501.21545E-03,+267.12E-06
-17.60000E-03,+503.08082E-03,+594.76E-06
-17.57500E-03,+504.13002E-03,+715.36E-06
-17.55000E-03,+504.13002E-03,+947.52E-06
-17.52500E-03,+507.04459E-03,+1.16461E-03
-17.50000E-03,+507.04459E-03,+1.35757E-03
-17.47500E-03,+509.95917E-03,+1.66410E-03
-17.45000E-03,+512.87374E-03,+1.88621E-03
-17.42500E-03,+512.87374E-03,+2.18772E-03
-17.40000E-03,+515.78831E-03,+2.40380E-03
-17.37500E-03,+518.11992E-03,+2.64903E-03
-17.35000E-03,+518.58625E-03,+2.91636E-03
-17.32500E-03,+518.70288E-03,+3.16059E-03
-17.30000E-03,+521.61746E-03,+3.41486E-03
-17.27500E-03,+524.53203E-03,+3.62189E-03
-17.25000E-03,+528.61249E-03,+3.90028E-03
-17.22500E-03,+528.14615E-03,+4.18270E-03
-17.20000E-03,+530.59440E-03,+4.45405E-03
-17.17500E-03,+533.27575E-03,+4.73345E-03
-17.15000E-03,+536.19032E-03,+4.97064E-03
-17.12500E-03,+537.35610E-03,+5.32239E-03
-17.10000E-03,+540.38736E-03,+5.50531E-03
-17.07500E-03,+542.83560E-03,+5.76159E-03
-17.05000E-03,+544.93404E-03,+6.09325E-03
-17.02500E-03,+547.73208E-03,+6.47717E-03
-17.00000E-03,+550.76319E-03,+6.63898E-03
-16.97500E-03,+556.59233E-03,+6.87616E-03
-16.95000E-03,+556.59233E-03,+7.20983E-03
-16.92500E-03,+560.43962E-03,+7.41988E-03
-16.90000E-03,+563.35425E-03,+7.76862E-03
-16.87500E-03,+568.25062E-03,+8.06611E-03
-16.85000E-03,+571.63147E-03,+8.25908E-03
-16.82500E-03,+576.99434E-03,+8.52742E-03
-16.80000E-03,+584.22242E-03,+8.75858E-03
-16.77500E-03,+588.65263E-03,+9.02290E-03
-16.75000E-03,+592.73315E-03,+9.25204E-03
-16.72500E-03,+597.51299E-03,+9.52541E-03
-16.70000E-03,+602.87581E-03,+9.83797E-03
-16.67500E-03,+611.15319E-03,+10.02993E-03
-16.65000E-03,+616.51601E-03,+10.36963E-03
-16.62500E-03,+621.87882E-03,+10.60883E-03
-16.60000E-03,+630.15621E-03,+10.79274E-03
-16.57500E-03,+641.11494E-03,+11.05807E-03
-16.55000E-03,+646.71098E-03,+11.29526E-03
-16.52500E-03,+655.68781E-03,+11.49727E-03
-16.50000E-03,+664.43153E-03,+11.66410E-03
-16.47500E-03,+677.37229E-03,+11.89325E-03
-16.45000E-03,+688.56425E-03,+12.08521E-03
-16.42500E-03,+700.10602E-03,+12.36561E-03
-16.40000E-03,+716.66079E-03,+12.58270E-03
-16.37500E-03,+730.88385E-03,+12.76963E-03
-16.35000E-03,+746.85577E-03,+12.97064E-03
-16.32500E-03,+764.92606E-03,+13.04099E-03
-16.30000E-03,+784.86174E-03,+13.29325E-03
-16.27500E-03,+807.71199E-03,+13.45908E-03
-16.25000E-03,+827.64773E-03,+13.74450E-03
-16.22500E-03,+852.47995E-03,+13.79576E-03
-16.20000E-03,+875.33014E-03,+13.95355E-03
-16.17500E-03,+900.62863E-03,+14.07315E-03
-16.15000E-03,+928.84170E-03,+14.08923E-03
-16.12500E-03,+954.14019E-03,+14.26712E-03
-16.10000E-03,+985.26783E-03,+14.30129E-03
-16.07500E-03,+1.01348089E+00,+14.52340E-03
-16.05000E-03,+1.04379251E+00,+14.53144E-03
-16.02500E-03,+1.07153925E+00,+14.53144E-03
-16.00000E-03,+1.10103466E+00,+14.67415E-03
-15.97500E-03,+1.12994729E+00,+14.68018E-03
-15.95000E-03,+1.16060859E+00,+14.72440E-03
-15.92500E-03,+1.18835533E+00,+14.81687E-03
-15.90000E-03,+1.21610206E+00,+14.90631E-03
-15.87500E-03,+1.24676337E+00,+14.93043E-03
-15.85000E-03,+1.27322763E+00,+14.96159E-03
-15.82500E-03,+1.30225684E+00,+15.05505E-03
-15.80000E-03,+1.33000357E+00,+15.09827E-03
-15.77500E-03,+1.35495225E+00,+15.02692E-03
-15.75000E-03,+1.38316532E+00,+15.09626E-03
-15.72500E-03,+1.41324377E+00,+15.06712E-03
-15.70000E-03,+1.43667687E+00,+15.03697E-03
-15.67500E-03,+1.46197537E+00,+15.15054E-03
-15.65000E-03,+1.48727386E+00,+15.19375E-03
-15.62500E-03,+1.50965784E+00,+15.20179E-03
-15.60000E-03,+1.53250796E+00,+15.12540E-03
-15.57500E-03,+1.55442562E+00,+15.21787E-03
-15.55000E-03,+1.57680954E+00,+15.13847E-03
-15.52500E-03,+1.59627888E+00,+15.23596E-03
-15.50000E-03,+1.61574823E+00,+15.21687E-03
-15.47500E-03,+1.63801550E+00,+15.41988E-03
-15.45000E-03,+1.65468692E+00,+15.30229E-03
-15.42500E-03,+1.67415627E+00,+15.34551E-03
-15.40000E-03,+1.69071105E+00,+15.33043E-03
-15.37500E-03,+1.71018039E+00,+15.27214E-03
-15.35000E-03,+1.72895017E+00,+15.34752E-03
-15.32500E-03,+1.74597128E+00,+15.28722E-03
-15.30000E-03,+1.75984471E+00,+15.42993E-03
-15.27500E-03,+1.77639949E+00,+15.35958E-03
-15.25000E-03,+1.79120545E+00,+15.33747E-03
-15.22500E-03,+1.80822656E+00,+15.43898E-03
-15.20000E-03,+1.81941852E+00,+15.42390E-03
-15.17500E-03,+1.83643962E+00,+15.35858E-03
-15.15000E-03,+1.85042964E+00,+15.35556E-03
-15.12500E-03,+1.86173811E+00,+15.28219E-03
-15.10000E-03,+1.87293007E+00,+15.39878E-03
-15.07500E-03,+1.88703661E+00,+15.34048E-03
-15.05000E-03,+1.89927767E+00,+15.39475E-03
-15.02500E-03,+1.90942053E+00,+15.37265E-03
-15.00000E-03,+1.92061249E+00,+15.47817E-03
-14.97500E-03,+1.93180445E+00,+15.44099E-03
-14.95000E-03,+1.94206381E+00,+15.34249E-03
-14.92500E-03,+1.95127379E+00,+15.39174E-03
-14.90000E-03,+1.96060050E+00,+15.40983E-03
-14.87500E-03,+1.97074314E+00,+15.38270E-03
-14.85000E-03,+1.97902053E+00,+15.40782E-03
-14.82500E-03,+1.98729791E+00,+15.39978E-03
-14.80000E-03,+1.99557530E+00,+15.39174E-03
-14.77500E-03,+2.00385269E+00,+15.41083E-03
-14.75000E-03,+2.01096417E+00,+15.36762E-03
-14.72500E-03,+2.01679332E+00,+15.39576E-03
-14.70000E-03,+2.02285570E+00,+15.40078E-03
-14.67500E-03,+2.03113309E+00,+15.37767E-03
-14.65000E-03,+2.03941048E+00,+15.33948E-03
-14.62500E-03,+2.04302448E+00,+15.35757E-03
-14.60000E-03,+2.04885362E+00,+15.42491E-03
-14.57500E-03,+2.05468277E+00,+15.35958E-03
-14.55000E-03,+2.06051191E+00,+15.28923E-03
-14.52500E-03,+2.06622455E+00,+15.32742E-03
-14.50000E-03,+2.07100452E+00,+15.37265E-03
-14.47500E-03,+2.07403560E+00,+15.30229E-03
-14.45000E-03,+2.07939842E+00,+15.38772E-03
-14.42500E-03,+2.08184666E+00,+15.29325E-03
-14.40000E-03,+2.08919124E+00,+15.34048E-03
-14.37500E-03,+2.08965764E+00,+15.25204E-03
-14.35000E-03,+2.09502053E+00,+15.41586E-03
-14.32500E-03,+2.09840136E+00,+15.42089E-03
-14.30000E-03,+2.09991701E+00,+15.38872E-03
-14.27500E-03,+2.10423051E+00,+15.43495E-03
-14.25000E-03,+2.10714508E+00,+15.33244E-03
-14.22500E-03,+2.11285757E+00,+15.40078E-03
-14.20000E-03,+2.11297422E+00,+15.32440E-03
-14.17500E-03,+2.11507279E+00,+15.37063E-03
-14.15000E-03,+2.11588880E+00,+15.27215E-03
-14.12500E-03,+2.11880337E+00,+15.32741E-03
-14.10000E-03,+2.11950294E+00,+15.33445E-03
-14.07500E-03,+2.12171794E+00,+15.33345E-03
-14.05000E-03,+2.12171794E+00,+15.35656E-03
-14.02500E-03,+2.12393309E+00,+15.42290E-03
-14.00000E-03,+2.12463251E+00,+15.36762E-03
-13.97500E-03,+2.12300043E+00,+15.39677E-03
-13.95000E-03,+2.12253410E+00,+15.37465E-03
-13.92500E-03,+2.12463251E+00,+15.37767E-03
-13.90000E-03,+2.12171794E+00,+15.42692E-03
-13.87500E-03,+2.12171794E+00,+15.43295E-03
-13.85000E-03,+2.11985254E+00,+15.45104E-03
-13.82500E-03,+2.11880337E+00,+15.46711E-03
-13.80000E-03,+2.11787063E+00,+15.48621E-03
-13.77500E-03,+2.11542239E+00,+15.47315E-03
-13.75000E-03,+2.11005957E+00,+15.42792E-03
-13.72500E-03,+2.10714508E+00,+15.44903E-03
-13.70000E-03,+2.10224852E+00,+15.42691E-03
-13.67500E-03,+2.09840136E+00,+15.45405E-03
-13.65000E-03,+2.09548679E+00,+15.41184E-03
-13.62500E-03,+2.08907465E+00,+15.42289E-03
-13.60000E-03,+2.08382850E+00,+15.40481E-03
-13.57500E-03,+2.07799935E+00,+15.48420E-03
-13.55000E-03,+2.07217020E+00,+15.43898E-03
-13.52500E-03,+2.06634106E+00,+15.47516E-03
-13.50000E-03,+2.05934600E+00,+15.36259E-03
-13.47500E-03,+2.05398319E+00,+15.40883E-03
-13.45000E-03,+2.04838713E+00,+15.42591E-03
-13.42500E-03,+2.03742841E+00,+15.40480E-03
-13.40000E-03,+2.03206560E+00,+15.44802E-03
-13.37500E-03,+2.02553704E+00,+15.36260E-03
-13.35000E-03,+2.01842540E+00,+15.29425E-03
-13.32500E-03,+2.01014801E+00,+15.37365E-03
-13.30000E-03,+2.00187063E+00,+15.30531E-03
-13.27500E-03,+1.99359324E+00,+15.34953E-03
-13.25000E-03,+1.98298411E+00,+15.29727E-03
-13.22500E-03,+1.97703846E+00,+15.32742E-03
-13.20000E-03,+1.96724558E+00,+15.32541E-03
-13.17500E-03,+1.96048369E+00,+15.30129E-03
-13.15000E-03,+1.94929173E+00,+15.39877E-03
-13.12500E-03,+1.94392883E+00,+15.32742E-03
-13.10000E-03,+1.93273696E+00,+15.28521E-03
-13.07500E-03,+1.92445957E+00,+15.34450E-03
-13.05000E-03,+1.91618218E+00,+15.35154E-03
-13.02500E-03,+1.90603955E+00,+15.28420E-03
-13.00000E-03,+1.89671284E+00,+15.24702E-03
-12.97500E-03,+1.88843545E+00,+15.25305E-03
-12.95000E-03,+1.87724349E+00,+15.18571E-03
-12.92500E-03,+1.86815011E+00,+15.36661E-03
-12.90000E-03,+1.85777414E+00,+15.29425E-03
-12.87500E-03,+1.84658218E+00,+15.22189E-03
-12.85000E-03,+1.83539022E+00,+15.28420E-03
-12.82500E-03,+1.82711283E+00,+15.13848E-03
-12.80000E-03,+1.81883545E+00,+15.22892E-03
-12.77500E-03,+1.80764349E+00,+15.30933E-03
-12.75000E-03,+1.79645153E+00,+15.25706E-03
-12.72500E-03,+1.78817414E+00,+15.22089E-03
-12.70000E-03,+1.77616601E+00,+15.25204E-03
-12.67500E-03,+1.76579022E+00,+15.36561E-03
-12.65000E-03,+1.75751283E+00,+15.32742E-03
-12.62500E-03,+1.74632087E+00,+15.30732E-03
-12.60000E-03,+1.73594517E+00,+15.36662E-03
-12.57500E-03,+1.72253787E+00,+15.30430E-03
-12.55000E-03,+1.71274499E+00,+15.27013E-03
-12.52500E-03,+1.69863846E+00,+15.25606E-03
-12.50000E-03,+1.69036099E+00,+15.30229E-03
-12.47500E-03,+1.67870287E+00,+15.20581E-03
-12.45000E-03,+1.66506258E+00,+15.20179E-03
-12.42500E-03,+1.65526953E+00,+15.22994E-03
-12.40000E-03,+1.64559324E+00,+15.25706E-03
-12.37500E-03,+1.63206971E+00,+15.21686E-03
-12.35000E-03,+1.62029474E+00,+15.20481E-03
-12.32500E-03,+1.60910278E+00,+15.29325E-03
-12.30000E-03,+1.59709483E+00,+15.24501E-03
-12.27500E-03,+1.58671886E+00,+15.22390E-03
-12.25000E-03,+1.57261233E+00,+15.13646E-03
-12.22500E-03,+1.56142037E+00,+15.16963E-03
-12.20000E-03,+1.54999516E+00,+15.23998E-03
-12.17500E-03,+1.53612188E+00,+15.19978E-03
-12.15000E-03,+1.52201535E+00,+15.22692E-03
-12.12500E-03,+1.50965765E+00,+15.16159E-03
-12.10000E-03,+1.49380228E+00,+15.14250E-03
-12.07500E-03,+1.48261032E+00,+15.15154E-03
-12.05000E-03,+1.46815395E+00,+15.22088E-03
-12.02500E-03,+1.45159917E+00,+15.25305E-03
-12.00000E-03,+1.43504440E+00,+15.19677E-03
-11.97500E-03,+1.42326962E+00,+15.27516E-03
-11.95000E-03,+1.40624851E+00,+15.21485E-03
-11.92500E-03,+1.39120922E+00,+15.16862E-03
-11.90000E-03,+1.37512087E+00,+15.22692E-03
-11.87500E-03,+1.35809968E+00,+15.17667E-03
-11.85000E-03,+1.34107866E+00,+15.17767E-03
-11.82500E-03,+1.32405756E+00,+15.09325E-03
-11.80000E-03,+1.30703645E+00,+15.15255E-03
-11.77500E-03,+1.28896601E+00,+15.20380E-03
-11.75000E-03,+1.27007967E+00,+15.20179E-03
-11.72500E-03,+1.25305856E+00,+15.12541E-03
-11.70000E-03,+1.23638711E+00,+15.17064E-03
-11.67500E-03,+1.21901635E+00,+15.16561E-03
-11.65000E-03,+1.20036299E+00,+15.21888E-03
-11.62500E-03,+1.18380822E+00,+15.13143E-03
-11.60000E-03,+1.16503846E+00,+15.12038E-03
-11.57500E-03,+1.14510278E+00,+15.17666E-03
-11.55000E-03,+1.12831475E+00,+15.10129E-03
-11.52500E-03,+1.10884540E+00,+15.08923E-03
-11.50000E-03,+1.09229063E+00,+15.19174E-03
-11.47500E-03,+1.07282128E+00,+15.11234E-03
-11.45000E-03,+1.05626651E+00,+15.04400E-03
-11.42500E-03,+1.03679716E+00,+15.19576E-03
-11.40000E-03,+1.01732781E+00,+15.12641E-03
-11.37500E-03,+1.00077304E+00,+15.17164E-03
-11.35000E-03,+983.16911E-03,+15.11737E-03
-11.32500E-03,+963.23344E-03,+15.15355E-03
-11.30000E-03,+945.27957E-03,+15.18571E-03
-11.27500E-03,+926.27665E-03,+15.08520E-03
-11.25000E-03,+906.34097E-03,+15.10129E-03
-11.22500E-03,+889.31987E-03,+15.01686E-03
-11.20000E-03,+869.38419E-03,+15.09325E-03
-11.17500E-03,+853.76198E-03,+15.03898E-03
-11.15000E-03,+834.29264E-03,+14.91435E-03
-11.12500E-03,+817.15485E-03,+14.92541E-03
-11.10000E-03,+798.26851E-03,+14.94953E-03
-11.07500E-03,+778.79917E-03,+14.95053E-03
-11.05000E-03,+759.32982E-03,+15.01485E-03
-11.02500E-03,+741.49273E-03,+15.01486E-03
-11.00000E-03,+723.30570E-03,+14.92541E-03
-10.97500E-03,+706.75093E-03,+14.91335E-03
-10.95000E-03,+687.51484E-03,+14.95254E-03
-10.92500E-03,+670.72680E-03,+14.88118E-03
-10.90000E-03,+653.47263E-03,+14.95154E-03
-10.87500E-03,+633.53695E-03,+15.01586E-03
-10.85000E-03,+615.23334E-03,+14.97867E-03
-10.82500E-03,+598.67856E-03,+14.94652E-03
-10.80000E-03,+582.12379E-03,+14.90330E-03
-10.77500E-03,+562.65444E-03,+14.87415E-03
-10.75000E-03,+543.18509E-03,+14.76963E-03
-10.72500E-03,+525.58118E-03,+14.82290E-03
-10.70000E-03,+510.07555E-03,+14.83797E-03
-10.67500E-03,+491.53896E-03,+14.82491E-03
-10.65000E-03,+474.51786E-03,+14.84601E-03
-10.62500E-03,+460.41122E-03,+14.69928E-03
-10.60000E-03,+440.94188E-03,+14.67817E-03
-10.57500E-03,+424.38710E-03,+14.72340E-03
-10.55000E-03,+406.43344E-03,+14.59877E-03
-10.52500E-03,+388.36298E-03,+14.65305E-03
-10.50000E-03,+371.80821E-03,+14.74450E-03
-10.47500E-03,+355.13675E-03,+14.69827E-03
-10.45000E-03,+332.86951E-03,+14.67114E-03
-10.42500E-03,+318.41334E-03,+14.60983E-03
-10.40000E-03,+302.67454E-03,+14.60481E-03
-10.37500E-03,+283.20519E-03,+14.63395E-03
-10.35000E-03,+267.35002E-03,+14.57365E-03
-10.32500E-03,+250.32891E-03,+14.62591E-03
-10.30000E-03,+233.54087E-03,+14.54451E-03
-10.27500E-03,+216.98610E-03,+14.39676E-03
-10.25000E-03,+202.18017E-03,+14.42792E-03
-10.22500E-03,+186.79112E-03,+14.40280E-03
-10.20000E-03,+171.05253E-03,+14.36561E-03
-10.17500E-03,+156.94600E-03,+14.36058E-03
-10.15000E-03,+142.83947E-03,+14.30028E-03
-10.12500E-03,+128.73293E-03,+14.30732E-03
-10.10000E-03,+112.76097E-03,+14.28822E-03
-10.07500E-03,+99.12077E-03,+14.18470E-03
-10.05000E-03,+86.41334E-03,+14.12843E-03
-10.02500E-03,+74.75494E-03,+14.08822E-03
-10.00000E-03,+61.11484E-03,+14.12138E-03
-9.97500E-03,+47.00831E-03,+13.96159E-03
-9.95000E-03,+35.81635E-03,+13.99576E-03
-9.92500E-03,+24.62439E-03,+13.97063E-03
-9.90000E-03,+10.51786E-03,+13.98671E-03
-9.87500E-03,-674.10E-06,+13.92541E-03
-9.85000E-03,-11.86606E-03,+13.82692E-03
-9.82500E-03,-25.62295E-03,+13.76662E-03
-9.80000E-03,-34.24998E-03,+13.64701E-03
-9.77500E-03,-45.44194E-03,+13.59375E-03
-9.75000E-03,-56.63390E-03,+13.50833E-03
-9.72500E-03,-64.91129E-03,+13.50631E-03
-9.70000E-03,-75.86997E-03,+13.36360E-03
-9.67500E-03,-84.38063E-03,+13.32139E-03
-9.65000E-03,-95.57259E-03,+13.17867E-03
-9.62500E-03,-103.84998E-03,+13.19174E-03
-9.60000E-03,-112.12737E-03,+13.09124E-03
-9.57500E-03,-120.40476E-03,+12.95456E-03
-9.55000E-03,-128.68214E-03,+12.86209E-03
-9.52500E-03,-136.95953E-03,+12.96260E-03
-9.50000E-03,-145.23692E-03,+12.76963E-03
-9.47500E-03,-151.64887E-03,+12.81285E-03
-9.45000E-03,-161.79169E-03,+12.65405E-03
-9.42500E-03,-168.08728E-03,+12.54852E-03
-9.40000E-03,-175.43189E-03,+12.55958E-03
-9.37500E-03,-183.70928E-03,+12.43797E-03
-9.35000E-03,-191.98667E-03,+12.46813E-03
-9.32500E-03,-198.28203E-03,+12.32842E-03
-9.30000E-03,-204.11118E-03,+12.19676E-03
-9.27500E-03,-210.98968E-03,+12.07013E-03
-9.25000E-03,-219.26707E-03,+11.97566E-03
-9.22500E-03,-227.42776E-03,+11.88420E-03
-9.20000E-03,-232.90727E-03,+11.86008E-03
-9.17500E-03,-236.17148E-03,+11.75657E-03
-9.15000E-03,-244.91520E-03,+11.57265E-03
-9.12500E-03,-250.74434E-03,+11.48822E-03
-9.10000E-03,-257.27310E-03,+11.40782E-03
-9.07500E-03,-262.63591E-03,+11.32641E-03
-9.05000E-03,-268.23178E-03,+11.30330E-03
-9.02500E-03,-276.27611E-03,+10.97264E-03
-9.00000E-03,-281.63893E-03,+10.94049E-03
-8.97500E-03,-285.71922E-03,+10.77667E-03
-8.95000E-03,-291.54836E-03,+10.79475E-03
-8.92500E-03,-297.37751E-03,+10.57566E-03
-8.90000E-03,-300.29208E-03,+10.47717E-03
-8.87500E-03,-308.45300E-03,+10.38772E-03
-8.85000E-03,-313.81581E-03,+10.27917E-03
-8.82500E-03,-319.17863E-03,+10.14048E-03
-8.80000E-03,-321.62687E-03,+9.91737E-03
-8.77500E-03,-329.43781E-03,+9.83797E-03
-8.75000E-03,-332.35238E-03,+9.69928E-03
-8.72500E-03,-335.26696E-03,+9.56963E-03
-8.70000E-03,-340.16355E-03,+9.43194E-03
-8.67500E-03,-346.92525E-03,+9.23093E-03
-8.65000E-03,-349.83982E-03,+9.11938E-03
-8.62500E-03,-353.33742E-03,+8.93044E-03
-8.60000E-03,-361.38141E-03,+8.83998E-03
-8.57500E-03,-361.49811E-03,+8.59676E-03
-8.55000E-03,-366.51129E-03,+8.43495E-03
-8.52500E-03,-370.24183E-03,+8.29224E-03
-8.50000E-03,-374.32235E-03,+8.09626E-03
-8.47500E-03,-378.98555E-03,+7.93445E-03
-8.45000E-03,-384.81469E-03,+7.71435E-03
-8.42500E-03,-387.49622E-03,+7.54048E-03
-8.40000E-03,-388.42865E-03,+7.33144E-03
-8.37500E-03,-393.55841E-03,+7.10631E-03
-8.35000E-03,-394.84094E-03,+6.86008E-03
-8.32500E-03,-396.47299E-03,+6.56863E-03
-8.30000E-03,-402.30213E-03,+6.53043E-03
-8.27500E-03,-405.21670E-03,+6.35857E-03
-8.25000E-03,-408.13128E-03,+6.16661E-03
-8.22500E-03,-411.04585E-03,+5.97365E-03
-8.20000E-03,-413.96042E-03,+5.79375E-03
-8.17500E-03,-415.94221E-03,+5.51134E-03
-8.15000E-03,-417.34145E-03,+5.27817E-03
-8.12500E-03,-422.70414E-03,+5.07616E-03
-8.10000E-03,-422.70414E-03,+4.92139E-03
-8.07500E-03,-424.68617E-03,+4.67314E-03
-8.05000E-03,-428.53329E-03,+4.49626E-03
-8.02500E-03,-431.44786E-03,+4.25405E-03
-8.00000E-03,-431.44786E-03,+4.00581E-03
-7.97500E-03,-434.47914E-03,+3.74249E-03
-7.95000E-03,-436.92738E-03,+3.50530E-03
-7.92500E-03,-439.37562E-03,+3.37063E-03
-7.90000E-03,-440.19158E-03,+3.14149E-03
-7.87500E-03,-441.35753E-03,+2.89023E-03
-7.85000E-03,-446.02072E-03,+2.75254E-03
-7.82500E-03,-446.25401E-03,+2.58269E-03
-7.80000E-03,-446.02072E-03,+2.22189E-03
-7.77500E-03,-451.84987E-03,+2.12943E-03
-7.75000E-03,-451.84987E-03,+1.89023E-03
-7.72500E-03,-454.76444E-03,+1.63696E-03
-7.70000E-03,-456.86281E-03,+1.45104E-03
-7.67500E-03,-460.24372E-03,+1.16963E-03
-7.65000E-03,-460.59359E-03,+932.44E-06
-7.62500E-03,-462.92537E-03,+684.20E-06
-7.60000E-03,-463.50816E-03,+377.67E-06
-7.57500E-03,-466.42273E-03,+102.29E-06
-7.55000E-03,-466.42273E-03,-73.59E-06
-7.52500E-03,-469.33731E-03,-308.76E-06
-7.50000E-03,-472.25188E-03,-602.23E-06
-7.47500E-03,-472.25188E-03,-706.75E-06
-7.45000E-03,-474.23391E-03,-955.00E-06
-7.42500E-03,-478.08103E-03,-1.21831E-03
-7.40000E-03,-478.08103E-03,-1.48364E-03
-7.37500E-03,-481.57864E-03,-1.83841E-03
-7.35000E-03,-483.79346E-03,-2.11580E-03
-7.32500E-03,-486.47512E-03,-2.40826E-03
-7.30000E-03,-486.82474E-03,-2.54796E-03
-7.27500E-03,-489.73932E-03,-2.80023E-03
-7.25000E-03,-490.90527E-03,-3.10976E-03
-7.22500E-03,-494.86884E-03,-3.37108E-03
-7.20000E-03,-498.24974E-03,-3.57108E-03
-7.17500E-03,-498.48303E-03,-3.83741E-03
-7.15000E-03,-501.39761E-03,-4.13188E-03
-7.12500E-03,-504.31218E-03,-4.45651E-03
-7.10000E-03,-507.22675E-03,-4.73389E-03
-7.07500E-03,-510.14133E-03,-4.98414E-03
-7.05000E-03,-515.97047E-03,-5.28465E-03
-7.02500E-03,-515.97047E-03,-5.57510E-03
-7.00000E-03,-521.79962E-03,-5.87862E-03
-6.97500E-03,-524.71419E-03,-6.08665E-03
-6.95000E-03,-529.02789E-03,-6.39319E-03
-6.92500E-03,-531.47613E-03,-6.67359E-03
-6.90000E-03,-536.83894E-03,-6.93791E-03
-6.87500E-03,-539.28718E-03,-7.05952E-03
-6.85000E-03,-544.65000E-03,-7.44545E-03
-6.82500E-03,-550.01281E-03,-7.64746E-03
-6.80000E-03,-555.25878E-03,-7.92786E-03
-6.77500E-03,-559.68906E-03,-8.17409E-03
-6.75000E-03,-565.51821E-03,-8.38615E-03
-6.72500E-03,-571.34736E-03,-8.69570E-03
-6.70000E-03,-576.82688E-03,-8.90977E-03
-6.67500E-03,-585.10427E-03,-9.24244E-03
-6.65000E-03,-590.46708E-03,-9.42434E-03
-6.62500E-03,-601.65904E-03,-9.64746E-03
-6.60000E-03,-607.72148E-03,-9.82937E-03
-6.57500E-03,-621.12839E-03,-10.08264E-03
-6.55000E-03,-632.08731E-03,-10.22535E-03
-6.52500E-03,-642.81294E-03,-10.53389E-03
-6.50000E-03,-654.70427E-03,-10.69770E-03
-6.47500E-03,-667.52826E-03,-11.02334E-03
-6.45000E-03,-680.00276E-03,-11.06856E-03
-6.42500E-03,-697.02387E-03,-11.54796E-03
-6.40000E-03,-713.92852E-03,-11.58113E-03
-6.37500E-03,-730.48330E-03,-11.88364E-03
-6.35000E-03,-748.08718E-03,-12.01229E-03
-6.32500E-03,-769.42199E-03,-12.23640E-03
-6.30000E-03,-791.80591E-03,-12.45248E-03
-6.27500E-03,-814.18983E-03,-12.44344E-03
-6.25000E-03,-842.40289E-03,-12.66253E-03
-6.22500E-03,-870.14976E-03,-12.85148E-03
-6.20000E-03,-892.99988E-03,-12.89872E-03
-6.17500E-03,-921.21294E-03,-13.07862E-03
-6.15000E-03,-950.47539E-03,-13.17610E-03
-6.12500E-03,-980.55365E-03,-13.22032E-03
-6.10000E-03,-1.01168129E+00,-13.26856E-03
-6.07500E-03,-1.04210970E+00,-13.51379E-03
-6.05000E-03,-1.07312062E+00,-13.49570E-03
-6.02500E-03,-1.10378192E+00,-13.52484E-03
-6.00000E-03,-1.13444323E+00,-13.59217E-03
-5.97500E-03,-1.16731948E+00,-13.56102E-03
-5.95000E-03,-1.19844712E+00,-13.61932E-03
-5.92500E-03,-1.22666018E+00,-13.69670E-03
-5.90000E-03,-1.25487325E+00,-13.80625E-03
-5.87500E-03,-1.28600088E+00,-13.85348E-03
-5.85000E-03,-1.31421395E+00,-13.70675E-03
-5.82500E-03,-1.34242702E+00,-13.78313E-03
-5.80000E-03,-1.36807539E+00,-13.72686E-03
-5.77500E-03,-1.39582213E+00,-13.89168E-03
-5.75000E-03,-1.42065429E+00,-13.77811E-03
-5.72500E-03,-1.44362099E+00,-13.82735E-03
-5.70000E-03,-1.46891948E+00,-13.84243E-03
-5.67500E-03,-1.49421797E+00,-13.82635E-03
-5.65000E-03,-1.51660189E+00,-13.80123E-03
-5.62500E-03,-1.53898567E+00,-13.89368E-03
-5.60000E-03,-1.56335191E+00,-13.81831E-03
-5.57500E-03,-1.58375365E+00,-13.92685E-03
-5.55000E-03,-1.60322300E+00,-13.99419E-03
-5.52500E-03,-1.62560692E+00,-14.09469E-03
-5.50000E-03,-1.64507626E+00,-14.05449E-03
-5.47500E-03,-1.66454561E+00,-14.16705E-03
-5.45000E-03,-1.68692953E+00,-14.21731E-03
-5.42500E-03,-1.70430025E+00,-14.08766E-03
-5.40000E-03,-1.72132135E+00,-14.09469E-03
-5.37500E-03,-1.73950842E+00,-14.11479E-03
-5.35000E-03,-1.75606320E+00,-14.11982E-03
-5.32500E-03,-1.76947010E+00,-14.19519E-03
-5.30000E-03,-1.78649120E+00,-14.14494E-03
-5.27500E-03,-1.80281295E+00,-14.13390E-03
-5.25000E-03,-1.81761884E+00,-14.15499E-03
-5.22500E-03,-1.83172537E+00,-14.15299E-03
-5.20000E-03,-1.84583190E+00,-14.19217E-03
-5.17500E-03,-1.85702386E+00,-14.08564E-03
-5.15000E-03,-1.87101395E+00,-14.02233E-03
-5.12500E-03,-1.88173958E+00,-14.07460E-03
-5.10000E-03,-1.89164885E+00,-14.06756E-03
-5.07500E-03,-1.89887713E+00,-14.10876E-03
-5.05000E-03,-1.91006909E+00,-14.16203E-03
-5.02500E-03,-1.92079458E+00,-14.12384E-03
-5.00000E-03,-1.92662386E+00,-14.22032E-03
-4.97500E-03,-1.93781582E+00,-14.16605E-03
-4.95000E-03,-1.94609321E+00,-14.19519E-03
-4.92500E-03,-1.95145603E+00,-14.10675E-03
-4.90000E-03,-1.95868402E+00,-14.13590E-03
-4.87500E-03,-1.96742774E+00,-14.05952E-03
-4.85000E-03,-1.97617146E+00,-14.16906E-03
-4.82500E-03,-1.98165100E+00,-14.26454E-03
-4.80000E-03,-1.98782975E+00,-14.16706E-03
-4.77500E-03,-1.99237663E+00,-14.11680E-03
-4.75000E-03,-1.99773944E+00,-14.16505E-03
-4.72500E-03,-2.00310226E+00,-14.22635E-03
-4.70000E-03,-2.01114634E+00,-14.17208E-03
-4.67500E-03,-2.01382789E+00,-14.15298E-03
-4.65000E-03,-2.01919070E+00,-14.22736E-03
-4.62500E-03,-2.02280463E+00,-14.14997E-03
-4.60000E-03,-2.02700176E+00,-14.10072E-03
-4.57500E-03,-2.03364669E+00,-14.14796E-03
-4.55000E-03,-2.03446292E+00,-14.18313E-03
-4.52500E-03,-2.04017563E+00,-14.12183E-03
-4.50000E-03,-2.04320664E+00,-14.17509E-03
-4.47500E-03,-2.04507211E+00,-14.20927E-03
-4.45000E-03,-2.04752035E+00,-14.23338E-03
-4.42500E-03,-2.05195035E+00,-14.25449E-03
-4.40000E-03,-2.05195035E+00,-14.15299E-03
-4.37500E-03,-2.05195050E+00,-14.19519E-03
-4.35000E-03,-2.05533111E+00,-14.27158E-03
-4.32500E-03,-2.05777950E+00,-14.16203E-03
-4.30000E-03,-2.06069407E+00,-14.13087E-03
-4.27500E-03,-2.06255925E+00,-14.12886E-03
-4.25000E-03,-2.06360865E+00,-14.09971E-03
-4.22500E-03,-2.06652322E+00,-14.19016E-03
-4.20000E-03,-2.06652322E+00,-14.07861E-03
-4.17500E-03,-2.06652322E+00,-14.12384E-03
-4.15000E-03,-2.06652322E+00,-14.06957E-03
-4.12500E-03,-2.06768920E+00,-14.13489E-03
-4.10000E-03,-2.06652322E+00,-14.10172E-03
-4.07500E-03,-2.06652322E+00,-14.09469E-03
-4.05000E-03,-2.06652322E+00,-14.07358E-03
-4.02500E-03,-2.06652322E+00,-14.13790E-03
-4.00000E-03,-2.06652322E+00,-14.18012E-03
-3.97500E-03,-2.06652322E+00,-14.18917E-03
-3.95000E-03,-2.06652322E+00,-14.16303E-03
-3.92500E-03,-2.06360865E+00,-14.11077E-03
-3.90000E-03,-2.06349221E+00,-14.02534E-03
-3.87500E-03,-2.05836227E+00,-14.06957E-03
-3.85000E-03,-2.05777950E+00,-14.17911E-03
-3.82500E-03,-2.05474864E+00,-14.17107E-03
-3.80000E-03,-2.05101754E+00,-14.13690E-03
-3.77500E-03,-2.04856930E+00,-14.08163E-03
-3.75000E-03,-2.04320664E+00,-14.24545E-03
-3.72500E-03,-2.04029206E+00,-14.16102E-03
-3.70000E-03,-2.03446292E+00,-14.08564E-03
-3.67500E-03,-2.03003262E+00,-14.11982E-03
-3.65000E-03,-2.02466980E+00,-14.17007E-03
-3.62500E-03,-2.01697548E+00,-14.14495E-03
-3.60000E-03,-2.01114634E+00,-14.19519E-03
-3.57500E-03,-2.00531719E+00,-14.17610E-03
-3.55000E-03,-1.99948804E+00,-14.15901E-03
-3.52500E-03,-1.99074433E+00,-14.21730E-03
-3.50000E-03,-1.98491518E+00,-14.21028E-03
-3.47500E-03,-1.97617146E+00,-14.18313E-03
-3.45000E-03,-1.97034232E+00,-14.15098E-03
-3.42500E-03,-1.96183161E+00,-14.22233E-03
-3.40000E-03,-1.95355422E+00,-14.20826E-03
-3.37500E-03,-1.94702573E+00,-14.05951E-03
-3.35000E-03,-1.93699945E+00,-14.21529E-03
-3.32500E-03,-1.93082040E+00,-14.11179E-03
-3.30000E-03,-1.92335925E+00,-14.10374E-03
-3.27500E-03,-1.91216729E+00,-14.16605E-03
-3.25000E-03,-1.90388990E+00,-14.06956E-03
-3.22500E-03,-1.89747799E+00,-14.12886E-03
-3.20000E-03,-1.88733513E+00,-14.18313E-03
-3.17500E-03,-1.87905774E+00,-14.23740E-03
-3.15000E-03,-1.87031387E+00,-14.23740E-03
-3.12500E-03,-1.86250281E+00,-14.17007E-03
-3.10000E-03,-1.85084483E+00,-14.17811E-03
-3.07500E-03,-1.84303362E+00,-14.17007E-03
-3.05000E-03,-1.83335739E+00,-14.23137E-03
-3.02500E-03,-1.82356427E+00,-14.17912E-03
-3.00000E-03,-1.81295538E+00,-14.21529E-03
-2.97500E-03,-1.80409493E+00,-14.29067E-03
-2.95000E-03,-1.79546795E+00,-14.14193E-03
-2.92500E-03,-1.78462558E+00,-14.18816E-03
-2.90000E-03,-1.77634819E+00,-14.18112E-03
-2.87500E-03,-1.76515623E+00,-14.18514E-03
-2.85000E-03,-1.75396427E+00,-14.11982E-03
-2.82500E-03,-1.74860146E+00,-14.17007E-03
-2.80000E-03,-1.73472793E+00,-14.13289E-03
-2.77500E-03,-1.72551820E+00,-14.06856E-03
-2.75000E-03,-1.71327668E+00,-14.13489E-03
-2.72500E-03,-1.70383362E+00,-14.08867E-03
-2.70000E-03,-1.69054332E+00,-14.24946E-03
-2.67500E-03,-1.67888503E+00,-14.15098E-03
-2.65000E-03,-1.67025774E+00,-14.10071E-03
-2.62500E-03,-1.65906578E+00,-14.17008E-03
-2.60000E-03,-1.64892291E+00,-14.09870E-03
-2.57500E-03,-1.63808101E+00,-14.19620E-03
-2.55000E-03,-1.62548990E+00,-14.17811E-03
-2.52500E-03,-1.61429794E+00,-14.21630E-03
-2.50000E-03,-1.60310598E+00,-14.17007E-03
-2.47500E-03,-1.59191402E+00,-14.30373E-03
-2.45000E-03,-1.58072206E+00,-14.24444E-03
-2.42500E-03,-1.56953010E+00,-14.28061E-03
-2.40000E-03,-1.55728873E+00,-14.25951E-03
-2.37500E-03,-1.54423161E+00,-14.18515E-03
-2.35000E-03,-1.53303965E+00,-14.09670E-03
-2.32500E-03,-1.51928270E+00,-14.11680E-03
-2.30000E-03,-1.50983981E+00,-14.10173E-03
-2.27500E-03,-1.49946377E+00,-14.10073E-03
-2.25000E-03,-1.48535723E+00,-14.06454E-03
-2.22500E-03,-1.47416528E+00,-14.05147E-03
-2.20000E-03,-1.46029207E+00,-14.01730E-03
-2.17500E-03,-1.45178136E+00,-14.09268E-03
-2.15000E-03,-1.43697549E+00,-14.15198E-03
-2.12500E-03,-1.42356829E+00,-14.08967E-03
-2.10000E-03,-1.40946176E+00,-14.06152E-03
-2.07500E-03,-1.39745355E+00,-14.10173E-03
-2.05000E-03,-1.38124869E+00,-14.07258E-03
-2.02500E-03,-1.37005673E+00,-14.12182E-03
-2.00000E-03,-1.35361838E+00,-14.18012E-03
-1.97500E-03,-1.33892909E+00,-14.08565E-03
-1.95000E-03,-1.32482256E+00,-14.04645E-03
-1.92500E-03,-1.31071603E+00,-14.07861E-03
-1.90000E-03,-1.29322843E+00,-14.09871E-03
-1.87500E-03,-1.27667382E+00,-13.99419E-03
-1.85000E-03,-1.26011888E+00,-13.96505E-03
-1.82500E-03,-1.24554618E+00,-14.02836E-03
-1.80000E-03,-1.22852507E+00,-14.00625E-03
-1.77500E-03,-1.21045456E+00,-14.00525E-03
-1.75000E-03,-1.19389978E+00,-14.03439E-03
-1.72500E-03,-1.17734501E+00,-13.99620E-03
-1.70000E-03,-1.15787566E+00,-13.94997E-03
-1.67500E-03,-1.14050497E+00,-13.99419E-03
-1.65000E-03,-1.12185154E+00,-13.93590E-03
-1.62500E-03,-1.10354819E+00,-13.97409E-03
-1.60000E-03,-1.08582742E+00,-13.95700E-03
-1.57500E-03,-1.06659141E+00,-13.93992E-03
-1.55000E-03,-1.04980330E+00,-13.91480E-03
-1.52500E-03,-1.03033395E+00,-13.95600E-03
-1.50000E-03,-1.01261352E+00,-13.94394E-03
-1.47500E-03,-995.94183E-03,-13.91881E-03
-1.45000E-03,-976.93881E-03,-13.98012E-03
-1.42500E-03,-961.20028E-03,-13.93791E-03
-1.40000E-03,-941.61452E-03,-13.86856E-03
-1.37500E-03,-924.59342E-03,-13.89871E-03
-1.35000E-03,-905.70682E-03,-13.89369E-03
-1.32500E-03,-887.75288E-03,-13.86756E-03
-1.30000E-03,-869.68269E-03,-13.83539E-03
-1.27500E-03,-853.12792E-03,-13.86454E-03
-1.25000E-03,-833.65857E-03,-13.81831E-03
-1.22500E-03,-816.63764E-03,-13.77106E-03
-1.20000E-03,-797.63445E-03,-13.81128E-03
-1.17500E-03,-781.07968E-03,-13.76806E-03
-1.15000E-03,-762.65975E-03,-13.76604E-03
-1.12500E-03,-745.63864E-03,-13.63741E-03
-1.10000E-03,-728.50078E-03,-13.74293E-03
-1.07500E-03,-709.03144E-03,-13.66454E-03
-1.05000E-03,-691.66075E-03,-13.68162E-03
-1.02500E-03,-677.55422E-03,-13.77911E-03
-1.00000E-03,-656.45254E-03,-13.73289E-03
-975.00E-06,-642.81234E-03,-13.75699E-03
-950.00E-06,-623.34299E-03,-13.70073E-03
-925.00E-06,-606.55522E-03,-13.69469E-03
-900.00E-06,-588.01820E-03,-13.73792E-03
-875.00E-06,-567.84953E-03,-13.61731E-03
-850.00E-06,-552.57734E-03,-13.63339E-03
-825.00E-06,-532.64166E-03,-13.59520E-03
-800.00E-06,-515.62055E-03,-13.65549E-03
-775.00E-06,-498.71586E-03,-13.56705E-03
-750.00E-06,-481.57834E-03,-13.48665E-03
-725.00E-06,-464.55723E-03,-13.50575E-03
-700.00E-06,-447.53613E-03,-13.49168E-03
-675.00E-06,-428.53329E-03,-13.57710E-03
-650.00E-06,-415.94199E-03,-13.45349E-03
-625.00E-06,-396.47264E-03,-13.56705E-03
-600.00E-06,-379.45171E-03,-13.50877E-03
-575.00E-06,-360.44852E-03,-13.51579E-03
-550.00E-06,-343.89374E-03,-13.44042E-03
-525.00E-06,-327.33897E-03,-13.42333E-03
-500.00E-06,-311.36729E-03,-13.45650E-03
-475.00E-06,-294.22942E-03,-13.39319E-03
-450.00E-06,-279.89007E-03,-13.44143E-03
-425.00E-06,-261.11987E-03,-13.38817E-03
-400.00E-06,-244.56510E-03,-13.29871E-03
-375.00E-06,-229.17633E-03,-13.27057E-03
-350.00E-06,-212.15522E-03,-13.15198E-03
-325.00E-06,-197.81535E-03,-13.18413E-03
-300.00E-06,-181.02759E-03,-13.06856E-03
-275.00E-06,-166.92105E-03,-13.01328E-03
-250.00E-06,-149.89995E-03,-13.06958E-03
-225.00E-06,-134.51083E-03,-13.05650E-03
-200.00E-06,-119.58857E-03,-12.97108E-03
-175.00E-06,-107.58035E-03,-12.90374E-03
-150.00E-06,-93.47382E-03,-12.91278E-03
-125.00E-06,-79.36728E-03,-12.79318E-03
-100.00E-06,-65.26075E-03,-12.79016E-03
-75.00E-06,-51.15422E-03,-12.77510E-03
-50.00E-06,-39.96226E-03,-12.76503E-03
-25.00E-06,-25.85573E-03,-12.75901E-03
+0.0E+00,-11.74919E-03,-12.71278E-03
+25.00E-06,+1.89118E-03,-12.69269E-03
+50.00E-06,+13.54930E-03,-12.68766E-03
+75.00E-06,+23.22550E-03,-12.54997E-03
+100.00E-06,+35.93322E-03,-12.55298E-03
+125.00E-06,+47.12518E-03,-12.46153E-03
+150.00E-06,+58.31714E-03,-12.30775E-03
+175.00E-06,+66.94409E-03,-12.29167E-03
+200.00E-06,+80.70106E-03,-12.20625E-03
+225.00E-06,+88.97844E-03,-12.21027E-03
+250.00E-06,+98.42184E-03,-12.19017E-03
+275.00E-06,+108.44779E-03,-12.28161E-03
+300.00E-06,+116.95852E-03,-12.06153E-03
+325.00E-06,+127.91714E-03,-11.91880E-03
+350.00E-06,+136.19453E-03,-12.03439E-03
+375.00E-06,+144.47191E-03,-11.85850E-03
+400.00E-06,+155.66387E-03,-11.77208E-03
+425.00E-06,+161.84295E-03,-11.73288E-03
+450.00E-06,+171.86872E-03,-11.61630E-03
+475.00E-06,+177.69786E-03,-11.55901E-03
+500.00E-06,+185.85885E-03,-11.53690E-03
+525.00E-06,+194.13623E-03,-11.40625E-03
+550.00E-06,+201.01445E-03,-11.28062E-03
+575.00E-06,+207.77644E-03,-11.26554E-03
+600.00E-06,+215.58731E-03,-11.15097E-03
+625.00E-06,+221.41664E-03,-11.12987E-03
+650.00E-06,+232.60860E-03,-10.96604E-03
+675.00E-06,+238.90389E-03,-10.94393E-03
+700.00E-06,+244.73304E-03,-10.89269E-03
+725.00E-06,+251.61161E-03,-10.87660E-03
+750.00E-06,+259.30590E-03,-10.71278E-03
+775.00E-06,+265.13505E-03,-10.65248E-03
+800.00E-06,+270.96419E-03,-10.57710E-03
+825.00E-06,+278.89201E-03,-10.44343E-03
+850.00E-06,+284.25483E-03,-10.37006E-03
+875.00E-06,+291.36620E-03,-10.23540E-03
+900.00E-06,+292.76557E-03,-10.08765E-03
+925.00E-06,+300.34327E-03,-10.18815E-03
+950.00E-06,+308.62066E-03,-9.85649E-03
+975.00E-06,+313.98347E-03,-9.81630E-03
+1.00000E-03,+319.34629E-03,-9.73792E-03
+1.02500E-03,+323.42650E-03,-9.62534E-03
+1.05000E-03,+332.98649E-03,-9.50473E-03
+1.07500E-03,+337.99937E-03,-9.34897E-03
+1.10000E-03,+340.91394E-03,-9.26957E-03
+1.12500E-03,+346.74309E-03,-9.08967E-03
+1.15000E-03,+352.57223E-03,-8.93891E-03
+1.17500E-03,+356.88599E-03,-8.78112E-03
+1.20000E-03,+362.24880E-03,-8.76806E-03
+1.22500E-03,+367.14510E-03,-8.60926E-03
+1.25000E-03,+372.97424E-03,-8.46655E-03
+1.27500E-03,+375.88882E-03,-8.35700E-03
+1.30000E-03,+380.78548E-03,-8.25650E-03
+1.32500E-03,+384.63253E-03,-8.00021E-03
+1.35000E-03,+390.46168E-03,-7.94796E-03
+1.37500E-03,+396.29082E-03,-7.84344E-03
+1.40000E-03,+399.32217E-03,-7.68464E-03
+1.42500E-03,+404.68498E-03,-7.44243E-03
+1.45000E-03,+410.04780E-03,-7.19218E-03
+1.47500E-03,+412.49604E-03,-7.02032E-03
+1.50000E-03,+413.77826E-03,-6.90373E-03
+1.52500E-03,+419.60741E-03,-6.71379E-03
+1.55000E-03,+422.75533E-03,-6.50474E-03
+1.57500E-03,+425.43655E-03,-6.33288E-03
+1.60000E-03,+431.26570E-03,-6.14193E-03
+1.62500E-03,+433.01463E-03,-6.00926E-03
+1.65000E-03,+434.18027E-03,-5.86454E-03
+1.67500E-03,+437.91111E-03,-5.69971E-03
+1.70000E-03,+440.35936E-03,-5.43639E-03
+1.72500E-03,+445.83856E-03,-5.20122E-03
+1.75000E-03,+448.17041E-03,-5.00926E-03
+1.77500E-03,+451.66771E-03,-4.85550E-03
+1.80000E-03,+453.06689E-03,-4.67559E-03
+1.82500E-03,+454.58228E-03,-4.50574E-03
+1.85000E-03,+457.49685E-03,-4.21630E-03
+1.87500E-03,+460.41162E-03,-4.11981E-03
+1.90000E-03,+463.32600E-03,-3.87258E-03
+1.92500E-03,+465.30810E-03,-3.67358E-03
+1.95000E-03,+466.24057E-03,-3.51882E-03
+1.97500E-03,+469.15515E-03,-3.35499E-03
+2.00000E-03,+472.06972E-03,-3.08967E-03
+2.02500E-03,+472.18649E-03,-2.83740E-03
+2.05000E-03,+474.98429E-03,-2.63439E-03
+2.07500E-03,+477.08298E-03,-2.38212E-03
+2.10000E-03,+479.53122E-03,-2.20121E-03
+2.12500E-03,+480.81344E-03,-2.09972E-03
+2.15000E-03,+483.72801E-03,-1.86654E-03
+2.17500E-03,+483.72801E-03,-1.62433E-03
+2.20000E-03,+486.64258E-03,-1.38514E-03
+2.22500E-03,+488.85785E-03,-1.05951E-03
+2.25000E-03,+491.30609E-03,-853.48E-06
+2.27500E-03,+492.47173E-03,-667.54E-06
+2.30000E-03,+492.47173E-03,-455.49E-06
+2.32500E-03,+495.38630E-03,-188.15E-06
+2.35000E-03,+498.18449E-03,-46.46E-06
+2.37500E-03,+498.30087E-03,+241.99E-06
+2.40000E-03,+501.21545E-03,+558.58E-06
+2.42500E-03,+502.61464E-03,+793.74E-06
+2.45000E-03,+504.13002E-03,+1.07115E-03
+2.47500E-03,+506.57807E-03,+1.27013E-03
+2.50000E-03,+507.04459E-03,+1.45808E-03
+2.52500E-03,+509.49303E-03,+1.72240E-03
+2.55000E-03,+509.95917E-03,+1.99577E-03
+2.57500E-03,+511.35796E-03,+2.21688E-03
+2.60000E-03,+512.87374E-03,+2.49928E-03
+2.62500E-03,+516.37142E-03,+2.74954E-03
+2.65000E-03,+518.70288E-03,+3.01888E-03
+2.67500E-03,+521.26790E-03,+3.31537E-03
+2.70000E-03,+521.61746E-03,+3.48621E-03
+2.72500E-03,+524.53203E-03,+3.66109E-03
+2.75000E-03,+527.44660E-03,+3.91034E-03
+2.77500E-03,+527.44660E-03,+4.20280E-03
+2.80000E-03,+530.36118E-03,+4.45003E-03
+2.82500E-03,+533.27575E-03,+4.74350E-03
+2.85000E-03,+535.49102E-03,+5.01385E-03
+2.87500E-03,+536.19032E-03,+5.36762E-03
+2.90000E-03,+542.01947E-03,+5.55656E-03
+2.92500E-03,+542.01947E-03,+5.79678E-03
+2.95000E-03,+547.84861E-03,+5.98672E-03
+2.97500E-03,+547.84861E-03,+6.25707E-03
+3.00000E-03,+551.34590E-03,+6.63396E-03
+3.02500E-03,+555.54328E-03,+6.89225E-03
+3.05000E-03,+559.50690E-03,+7.10833E-03
+3.07500E-03,+561.48861E-03,+7.38672E-03
+3.10000E-03,+565.33605E-03,+7.65909E-03
+3.12500E-03,+568.25082E-03,+7.89024E-03
+3.15000E-03,+573.61364E-03,+8.13849E-03
+3.17500E-03,+576.99434E-03,+8.45907E-03
+3.20000E-03,+579.90891E-03,+8.70732E-03
+3.22500E-03,+587.60319E-03,+8.91537E-03
+3.25000E-03,+591.56720E-03,+9.20682E-03
+3.27500E-03,+597.39635E-03,+9.49727E-03
+3.30000E-03,+602.87595E-03,+9.58269E-03
+3.32500E-03,+610.33746E-03,+9.87215E-03
+3.35000E-03,+614.88379E-03,+10.11034E-03
+3.37500E-03,+620.71293E-03,+10.41284E-03
+3.40000E-03,+630.15635E-03,+10.65305E-03
+3.42500E-03,+638.20037E-03,+10.95757E-03
+3.45000E-03,+646.71112E-03,+11.22391E-03
+3.47500E-03,+654.98851E-03,+11.35757E-03
+3.50000E-03,+665.01485E-03,+11.62390E-03
+3.52500E-03,+677.37243E-03,+11.83698E-03
+3.55000E-03,+687.74811E-03,+12.03596E-03
+3.57500E-03,+700.10630E-03,+12.38470E-03
+3.60000E-03,+713.74650E-03,+12.36560E-03
+3.62500E-03,+730.30128E-03,+12.73446E-03
+3.65000E-03,+746.85605E-03,+12.95456E-03
+3.67500E-03,+766.32540E-03,+13.04299E-03
+3.70000E-03,+781.94731E-03,+13.27416E-03
+3.72500E-03,+802.34952E-03,+13.48118E-03
+3.75000E-03,+824.73344E-03,+13.54351E-03
+3.77500E-03,+850.03193E-03,+13.76561E-03
+3.80000E-03,+874.39797E-03,+13.93848E-03
+3.82500E-03,+897.71434E-03,+14.03496E-03
+3.85000E-03,+925.92741E-03,+14.21284E-03
+3.87500E-03,+951.80902E-03,+14.17667E-03
+3.90000E-03,+982.35354E-03,+14.27617E-03
+3.92500E-03,+1.01313164E+00,+14.46411E-03
+3.95000E-03,+1.04087837E+00,+14.52340E-03
+3.97500E-03,+1.06990731E+00,+14.59877E-03
+4.00000E-03,+1.09812038E+00,+14.66914E-03
+4.02500E-03,+1.12703314E+00,+14.69424E-03
+4.05000E-03,+1.15769445E+00,+14.70330E-03
+4.07500E-03,+1.18835576E+00,+14.65907E-03
+4.10000E-03,+1.21388721E+00,+14.85104E-03
+4.12500E-03,+1.24384923E+00,+14.95556E-03
+4.15000E-03,+1.27159596E+00,+14.97566E-03
+4.17500E-03,+1.29934269E+00,+15.03998E-03
+4.20000E-03,+1.32930409E+00,+15.02591E-03
+4.22500E-03,+1.35483616E+00,+15.12541E-03
+4.25000E-03,+1.38025103E+00,+15.20179E-03
+4.27500E-03,+1.40846409E+00,+15.12441E-03
+4.30000E-03,+1.43236338E+00,+15.11235E-03
+4.32500E-03,+1.45906108E+00,+15.15054E-03
+4.35000E-03,+1.48482611E+00,+15.10432E-03
+4.37500E-03,+1.50674349E+00,+15.20179E-03
+4.40000E-03,+1.53204198E+00,+15.25708E-03
+4.42500E-03,+1.55244379E+00,+15.23495E-03
+4.45000E-03,+1.57529404E+00,+15.28620E-03
+4.47500E-03,+1.59627917E+00,+15.18773E-03
+4.50000E-03,+1.62099454E+00,+15.26209E-03
+4.52500E-03,+1.63813244E+00,+15.37767E-03
+4.55000E-03,+1.65725225E+00,+15.23596E-03
+4.57500E-03,+1.67415656E+00,+15.32441E-03
+4.60000E-03,+1.69362591E+00,+15.39174E-03
+4.62500E-03,+1.71192921E+00,+15.33746E-03
+4.65000E-03,+1.72965003E+00,+15.32642E-03
+4.67500E-03,+1.74597142E+00,+15.37566E-03
+4.70000E-03,+1.76275957E+00,+15.35054E-03
+4.72500E-03,+1.77709906E+00,+15.33243E-03
+4.75000E-03,+1.79412017E+00,+15.38269E-03
+4.77500E-03,+1.80950932E+00,+15.39677E-03
+4.80000E-03,+1.82314952E+00,+15.31334E-03
+4.82500E-03,+1.83935434E+00,+15.30531E-03
+4.85000E-03,+1.85334450E+00,+15.35355E-03
+4.87500E-03,+1.86465283E+00,+15.41285E-03
+4.90000E-03,+1.87771033E+00,+15.36863E-03
+4.92500E-03,+1.89135053E+00,+15.36461E-03
+4.95000E-03,+1.90312498E+00,+15.40080E-03
+4.97500E-03,+1.91280179E+00,+15.34048E-03
+5.00000E-03,+1.92644156E+00,+15.30230E-03
+5.02500E-03,+1.93763374E+00,+15.34451E-03
+5.05000E-03,+1.94684357E+00,+15.35254E-03
+5.07500E-03,+1.95710308E+00,+15.37767E-03
+5.10000E-03,+1.96724558E+00,+15.37767E-03
+5.12500E-03,+1.97657243E+00,+15.41284E-03
+5.15000E-03,+1.98484982E+00,+15.40179E-03
+5.17500E-03,+1.99312720E+00,+15.43497E-03
+5.20000E-03,+2.00222046E+00,+15.38068E-03
+5.22500E-03,+2.00968198E+00,+15.43094E-03
+5.25000E-03,+2.01795936E+00,+15.44299E-03
+5.27500E-03,+2.02332218E+00,+15.46008E-03
+5.30000E-03,+2.03159957E+00,+15.42993E-03
+5.32500E-03,+2.03719533E+00,+15.38570E-03
+5.35000E-03,+2.04523977E+00,+15.41586E-03
+5.37500E-03,+2.04885362E+00,+15.33747E-03
+5.40000E-03,+2.05596540E+00,+15.34149E-03
+5.42500E-03,+2.06051191E+00,+15.24401E-03
+5.45000E-03,+2.06377645E+00,+15.37767E-03
+5.47500E-03,+2.07205384E+00,+15.43193E-03
+5.50000E-03,+2.07683395E+00,+15.31735E-03
+5.52500E-03,+2.08277947E+00,+15.40480E-03
+5.55000E-03,+2.08522771E+00,+15.43798E-03
+5.57500E-03,+2.09059052E+00,+15.42892E-03
+5.60000E-03,+2.09548679E+00,+15.38571E-03
+5.62500E-03,+2.09840136E+00,+15.35255E-03
+5.65000E-03,+2.10084982E+00,+15.40280E-03
+5.67500E-03,+2.10423051E+00,+15.34248E-03
+5.70000E-03,+2.11157545E+00,+15.41485E-03
+5.72500E-03,+2.11110912E+00,+15.39576E-03
+5.75000E-03,+2.11530566E+00,+15.46812E-03
+5.77500E-03,+2.11880337E+00,+15.38270E-03
+5.80000E-03,+2.11623833E+00,+15.47817E-03
+5.82500E-03,+2.12171794E+00,+15.51436E-03
+5.85000E-03,+2.12300013E+00,+15.35756E-03
+5.87500E-03,+2.12463251E+00,+15.47817E-03
+5.90000E-03,+2.12463251E+00,+15.41486E-03
+5.92500E-03,+2.12754709E+00,+15.49123E-03
+5.95000E-03,+2.12754709E+00,+15.40480E-03
+5.97500E-03,+2.13046166E+00,+15.33846E-03
+6.00000E-03,+2.13046166E+00,+15.39275E-03
+6.02500E-03,+2.13174429E+00,+15.38270E-03
+6.05000E-03,+2.13337623E+00,+15.33446E-03
+6.07500E-03,+2.13046166E+00,+15.38370E-03
+6.10000E-03,+2.13325987E+00,+15.33243E-03
+6.12500E-03,+2.12754709E+00,+15.32239E-03
+6.15000E-03,+2.12568154E+00,+15.42993E-03
+6.17500E-03,+2.12614787E+00,+15.41386E-03
+6.20000E-03,+2.12369963E+00,+15.45105E-03
+6.22500E-03,+2.11880337E+00,+15.43696E-03
+6.25000E-03,+2.11588880E+00,+15.35255E-03
+6.27500E-03,+2.11542269E+00,+15.51133E-03
+6.30000E-03,+2.11005965E+00,+15.50431E-03
+6.32500E-03,+2.10714508E+00,+15.46510E-03
+6.35000E-03,+2.10213157E+00,+15.46209E-03
+6.37500E-03,+2.09548679E+00,+15.44803E-03
+6.40000E-03,+2.09245541E+00,+15.47414E-03
+6.42500E-03,+2.08674307E+00,+15.44401E-03
+6.45000E-03,+2.07881521E+00,+15.43093E-03
+6.47500E-03,+2.07345239E+00,+15.39174E-03
+6.50000E-03,+2.06692352E+00,+15.42792E-03
+6.52500E-03,+2.06272676E+00,+15.45305E-03
+6.55000E-03,+2.05468277E+00,+15.43194E-03
+6.57500E-03,+2.04617199E+00,+15.45706E-03
+6.60000E-03,+2.04010990E+00,+15.44803E-03
+6.62500E-03,+2.03253179E+00,+15.26711E-03
+6.65000E-03,+2.02553704E+00,+15.38068E-03
+6.67500E-03,+2.01889159E+00,+15.29124E-03
+6.70000E-03,+2.01061420E+00,+15.32440E-03
+6.72500E-03,+1.99942224E+00,+15.37366E-03
+6.75000E-03,+1.99172754E+00,+15.32741E-03
+6.77500E-03,+1.98286747E+00,+15.35054E-03
+6.80000E-03,+1.97750465E+00,+15.25304E-03
+6.82500E-03,+1.96922727E+00,+15.46209E-03
+6.85000E-03,+1.95850186E+00,+15.31838E-03
+6.87500E-03,+1.94975769E+00,+15.40279E-03
+6.90000E-03,+1.93856596E+00,+15.39878E-03
+6.92500E-03,+1.93122101E+00,+15.44400E-03
+6.95000E-03,+1.91909661E+00,+15.35254E-03
+6.97500E-03,+1.91268432E+00,+15.34551E-03
+7.00000E-03,+1.90254184E+00,+15.40781E-03
+7.02500E-03,+1.89414764E+00,+15.40481E-03
+7.05000E-03,+1.88272297E+00,+15.39978E-03
+7.07500E-03,+1.87397925E+00,+15.36360E-03
+7.10000E-03,+1.86360314E+00,+15.34651E-03
+7.12500E-03,+1.85241118E+00,+15.43293E-03
+7.15000E-03,+1.84413380E+00,+15.37164E-03
+7.17500E-03,+1.83317523E+00,+15.30430E-03
+7.20000E-03,+1.82174988E+00,+15.40280E-03
+7.22500E-03,+1.81347249E+00,+15.49124E-03
+7.25000E-03,+1.80228053E+00,+15.44299E-03
+7.27500E-03,+1.79108857E+00,+15.40581E-03
+7.30000E-03,+1.78199487E+00,+15.33847E-03
+7.32500E-03,+1.76905463E+00,+15.29225E-03
+7.35000E-03,+1.75762904E+00,+15.29928E-03
+7.37500E-03,+1.74923530E+00,+15.29225E-03
+7.40000E-03,+1.73804334E+00,+15.30630E-03
+7.42500E-03,+1.72533604E+00,+15.36561E-03
+7.45000E-03,+1.71565942E+00,+15.38771E-03
+7.47500E-03,+1.70400090E+00,+15.28218E-03
+7.50000E-03,+1.69036093E+00,+15.22693E-03
+7.52500E-03,+1.68161744E+00,+15.27717E-03
+7.55000E-03,+1.66995915E+00,+15.33647E-03
+7.57500E-03,+1.65818382E+00,+15.35254E-03
+7.60000E-03,+1.64559309E+00,+15.34148E-03
+7.62500E-03,+1.63440113E+00,+15.28722E-03
+7.65000E-03,+1.62320917E+00,+15.25204E-03
+7.67500E-03,+1.61201721E+00,+15.29325E-03
+7.70000E-03,+1.59872653E+00,+15.26611E-03
+7.72500E-03,+1.58835111E+00,+15.24401E-03
+7.75000E-03,+1.57552676E+00,+15.26208E-03
+7.77500E-03,+1.56142023E+00,+15.25807E-03
+7.80000E-03,+1.55022827E+00,+15.19777E-03
+7.82500E-03,+1.53880338E+00,+15.20781E-03
+7.85000E-03,+1.52201520E+00,+15.23999E-03
+7.87500E-03,+1.51082324E+00,+15.23193E-03
+7.90000E-03,+1.49834864E+00,+15.28220E-03
+7.92500E-03,+1.48470844E+00,+15.23698E-03
+7.95000E-03,+1.46850364E+00,+15.25204E-03
+7.97500E-03,+1.45439711E+00,+15.27616E-03
+8.00000E-03,+1.43795869E+00,+15.25706E-03
+8.02500E-03,+1.42326947E+00,+15.28421E-03
+8.05000E-03,+1.40776371E+00,+15.22591E-03
+8.07500E-03,+1.39214184E+00,+15.25104E-03
+8.10000E-03,+1.37512073E+00,+15.26411E-03
+8.12500E-03,+1.35809962E+00,+15.25204E-03
+8.15000E-03,+1.34154461E+00,+15.31135E-03
+8.17500E-03,+1.32603956E+00,+15.26812E-03
+8.20000E-03,+1.30983383E+00,+15.23998E-03
+8.22500E-03,+1.29001520E+00,+15.14249E-03
+8.25000E-03,+1.27299410E+00,+15.16158E-03
+8.27500E-03,+1.25597299E+00,+15.12641E-03
+8.30000E-03,+1.23895189E+00,+15.17064E-03
+8.32500E-03,+1.21983205E+00,+15.18472E-03
+8.35000E-03,+1.20327728E+00,+15.15655E-03
+8.37500E-03,+1.18672250E+00,+15.17667E-03
+8.40000E-03,+1.16795289E+00,+15.24601E-03
+8.42500E-03,+1.15046498E+00,+15.20581E-03
+8.45000E-03,+1.13122903E+00,+15.15154E-03
+8.47500E-03,+1.11175969E+00,+15.25305E-03
+8.50000E-03,+1.09345593E+00,+15.21184E-03
+8.52500E-03,+1.07573557E+00,+15.27416E-03
+8.55000E-03,+1.05708254E+00,+15.20179E-03
+8.57500E-03,+1.03679687E+00,+15.21485E-03
+8.60000E-03,+1.02012576E+00,+15.17666E-03
+8.62500E-03,+1.00077275E+00,+15.22692E-03
+8.65000E-03,+980.25440E-03,+15.15657E-03
+8.67500E-03,+963.23329E-03,+15.14048E-03
+8.70000E-03,+945.27928E-03,+15.13346E-03
+8.72500E-03,+925.80994E-03,+15.13545E-03
+8.75000E-03,+909.25516E-03,+15.10128E-03
+8.77500E-03,+889.78582E-03,+15.03395E-03
+8.80000E-03,+872.29862E-03,+15.11034E-03
+8.82500E-03,+853.76170E-03,+15.05305E-03
+8.85000E-03,+832.42726E-03,+14.99174E-03
+8.87500E-03,+815.40616E-03,+15.01586E-03
+8.90000E-03,+798.38505E-03,+15.00481E-03
+8.92500E-03,+778.79888E-03,+15.06110E-03
+8.95000E-03,+761.42827E-03,+15.02591E-03
+8.97500E-03,+742.77476E-03,+15.06511E-03
+9.00000E-03,+726.21999E-03,+15.03595E-03
+9.02500E-03,+707.45038E-03,+14.99879E-03
+9.05000E-03,+690.19586E-03,+15.00481E-03
+9.07500E-03,+670.72652E-03,+15.00480E-03
+9.10000E-03,+653.47249E-03,+15.01385E-03
+9.12500E-03,+636.45138E-03,+15.04602E-03
+9.15000E-03,+618.14762E-03,+15.01989E-03
+9.17500E-03,+599.49460E-03,+14.96461E-03
+9.20000E-03,+582.12350E-03,+15.03293E-03
+9.22500E-03,+565.45239E-03,+14.92741E-03
+9.25000E-03,+546.09938E-03,+14.88520E-03
+9.27500E-03,+528.49560E-03,+14.86611E-03
+9.30000E-03,+511.47450E-03,+14.97266E-03
+9.32500E-03,+494.45339E-03,+14.90932E-03
+9.35000E-03,+476.96571E-03,+14.92139E-03
+9.37500E-03,+460.41069E-03,+14.87515E-03
+9.40000E-03,+440.94159E-03,+14.82892E-03
+9.42500E-03,+424.38682E-03,+14.86611E-03
+9.45000E-03,+407.83204E-03,+14.77365E-03
+9.47500E-03,+389.41219E-03,+14.79275E-03
+9.50000E-03,+371.80792E-03,+14.75958E-03
+9.52500E-03,+355.36998E-03,+14.72440E-03
+9.55000E-03,+335.78380E-03,+14.70530E-03
+9.57500E-03,+320.04486E-03,+14.68118E-03
+9.60000E-03,+304.30666E-03,+14.64903E-03
+9.62500E-03,+286.11948E-03,+14.64399E-03
+9.65000E-03,+269.56471E-03,+14.61787E-03
+9.67500E-03,+253.00993E-03,+14.52139E-03
+9.70000E-03,+236.22224E-03,+14.54451E-03
+9.72500E-03,+219.20113E-03,+14.46611E-03
+9.75000E-03,+203.34561E-03,+14.56360E-03
+9.77500E-03,+188.07349E-03,+14.51738E-03
+9.80000E-03,+173.15063E-03,+14.44802E-03
+9.82500E-03,+154.38128E-03,+14.36661E-03
+9.85000E-03,+142.83932E-03,+14.34451E-03
+9.87500E-03,+128.73279E-03,+14.23194E-03
+9.90000E-03,+114.62626E-03,+14.26510E-03
+9.92500E-03,+100.51973E-03,+14.23295E-03
+9.95000E-03,+86.41319E-03,+14.11534E-03
+9.97500E-03,+72.30666E-03,+14.02590E-03
+10.00000E-03,+61.11470E-03,+13.89527E-03
+10.02500E-03,+47.00817E-03,+13.95456E-03
+10.05000E-03,+35.81621E-03,+13.92741E-03
+10.07500E-03,+24.62425E-03,+13.91937E-03
+10.10000E-03,+13.43229E-03,+13.76260E-03
+10.12500E-03,+2.24033E-03,+13.63898E-03
+10.15000E-03,-9.06846E-03,+13.64400E-03
+10.17500E-03,-23.05816E-03,+13.59978E-03
+10.20000E-03,-34.25012E-03,+13.56057E-03
+10.22500E-03,-45.44208E-03,+13.51837E-03
+10.25000E-03,-55.46796E-03,+13.51836E-03
+10.27500E-03,-64.91143E-03,+13.43696E-03
+10.30000E-03,-76.10339E-03,+13.35054E-03
+10.32500E-03,-84.38078E-03,+13.33848E-03
+10.35000E-03,-92.65817E-03,+13.20380E-03
+10.37500E-03,-103.85012E-03,+13.15657E-03
+10.40000E-03,-113.75942E-03,+13.13848E-03
+10.42500E-03,-120.40490E-03,+13.03796E-03
+10.45000E-03,-128.68229E-03,+12.91234E-03
+10.47500E-03,-137.07600E-03,+12.79675E-03
+10.50000E-03,-145.81972E-03,+12.77465E-03
+10.52500E-03,-153.51445E-03,+12.73244E-03
+10.55000E-03,-160.39259E-03,+12.74048E-03
+10.57500E-03,-167.15465E-03,+12.59577E-03
+10.60000E-03,-177.88002E-03,+12.59275E-03
+10.62500E-03,-183.70942E-03,+12.51335E-03
+10.65000E-03,-189.53831E-03,+12.37465E-03
+10.67500E-03,-197.34962E-03,+12.38873E-03
+10.70000E-03,-207.02575E-03,+12.15256E-03
+10.72500E-03,-210.98982E-03,+12.14349E-03
+10.75000E-03,-218.68404E-03,+12.05606E-03
+10.77500E-03,-224.63003E-03,+11.86512E-03
+10.80000E-03,-232.90741E-03,+11.83194E-03
+10.82500E-03,-239.08605E-03,+11.73043E-03
+10.85000E-03,-244.91520E-03,+11.64500E-03
+10.87500E-03,-250.74434E-03,+11.52340E-03
+10.90000E-03,-257.27324E-03,+11.44501E-03
+10.92500E-03,-262.63606E-03,+11.37263E-03
+10.95000E-03,-268.23178E-03,+11.22993E-03
+10.97500E-03,-274.06093E-03,+11.08722E-03
+11.00000E-03,-281.63907E-03,+11.00581E-03
+11.02500E-03,-285.71922E-03,+10.86108E-03
+11.05000E-03,-292.36470E-03,+10.70430E-03
+11.07500E-03,-297.72751E-03,+10.66409E-03
+11.10000E-03,-303.09033E-03,+10.60280E-03
+11.12500E-03,-308.45314E-03,+10.38772E-03
+11.15000E-03,-311.95037E-03,+10.21083E-03
+11.17500E-03,-317.77952E-03,+10.08923E-03
+11.20000E-03,-321.62701E-03,+9.88420E-03
+11.22500E-03,-326.98983E-03,+9.84199E-03
+11.25000E-03,-332.35238E-03,+9.77465E-03
+11.27500E-03,-338.18153E-03,+9.58169E-03
+11.30000E-03,-341.09610E-03,+9.52340E-03
+11.32500E-03,-345.52651E-03,+9.29727E-03
+11.35000E-03,-352.75439E-03,+9.06411E-03
+11.37500E-03,-356.25214E-03,+8.94048E-03
+11.40000E-03,-361.49811E-03,+8.79375E-03
+11.42500E-03,-361.49811E-03,+8.60580E-03
+11.45000E-03,-367.32726E-03,+8.56862E-03
+11.47500E-03,-371.87425E-03,+8.27316E-03
+11.50000E-03,-376.07098E-03,+8.07615E-03
+11.52500E-03,-379.68531E-03,+7.85205E-03
+11.55000E-03,-382.13355E-03,+7.68319E-03
+11.57500E-03,-384.81469E-03,+7.45908E-03
+11.60000E-03,-389.94460E-03,+7.24299E-03
+11.62500E-03,-393.55841E-03,+7.11134E-03
+11.65000E-03,-396.47299E-03,+6.99376E-03
+11.67500E-03,-400.20390E-03,+6.83897E-03
+11.70000E-03,-402.30213E-03,+6.66912E-03
+11.72500E-03,-405.21670E-03,+6.41183E-03
+11.75000E-03,-410.46320E-03,+6.34249E-03
+11.77500E-03,-412.91144E-03,+6.09223E-03
+11.80000E-03,-413.96042E-03,+5.90431E-03
+11.82500E-03,-416.87500E-03,+5.72139E-03
+11.85000E-03,-420.25616E-03,+5.55856E-03
+11.87500E-03,-425.61845E-03,+5.35253E-03
+11.90000E-03,-425.61871E-03,+5.05505E-03
+11.92500E-03,-426.55111E-03,+4.85807E-03
+11.95000E-03,-429.93202E-03,+4.63596E-03
+11.97500E-03,-432.49737E-03,+4.37766E-03
+12.00000E-03,-434.36243E-03,+4.27214E-03
+12.02500E-03,-437.27701E-03,+4.06812E-03
+12.05000E-03,-437.27701E-03,+3.83898E-03
+12.07500E-03,-439.37576E-03,+3.65807E-03
+12.10000E-03,-443.10615E-03,+3.37867E-03
+12.12500E-03,-446.02072E-03,+3.19676E-03
+12.15000E-03,-446.72049E-03,+3.00983E-03
+12.17500E-03,-448.93530E-03,+2.70130E-03
+12.20000E-03,-448.93530E-03,+2.51937E-03
+12.22500E-03,-451.84987E-03,+2.26913E-03
+12.25000E-03,-456.51345E-03,+2.04098E-03
+12.27500E-03,-454.76444E-03,+1.74551E-03
+12.30000E-03,-457.67902E-03,+1.47616E-03
+12.32500E-03,-460.94360E-03,+1.33946E-03
+12.35000E-03,-463.39184E-03,+1.10631E-03
+12.37500E-03,-462.92551E-03,+860.08E-06
+12.40000E-03,-464.55714E-03,+614.85E-06
+12.42500E-03,-466.42273E-03,+452.05E-06
+12.45000E-03,-467.35566E-03,+170.62E-06
+12.47500E-03,-471.78528E-03,-99.72E-06
+12.50000E-03,-472.25215E-03,-376.10E-06
+12.52500E-03,-475.16645E-03,-585.14E-06
+12.55000E-03,-477.14863E-03,-871.59E-06
+12.57500E-03,-478.08103E-03,-1.06958E-03
+12.60000E-03,-480.99560E-03,-1.35600E-03
+12.62500E-03,-483.91017E-03,-1.65249E-03
+12.65000E-03,-484.02702E-03,-1.88263E-03
+12.67500E-03,-486.82474E-03,-2.16707E-03
+12.70000E-03,-489.73932E-03,-2.34996E-03
+12.72500E-03,-491.37175E-03,-2.56505E-03
+12.75000E-03,-494.40236E-03,-2.89871E-03
+12.77500E-03,-493.35366E-03,-3.24042E-03
+12.80000E-03,-498.48303E-03,-3.45350E-03
+12.82500E-03,-498.48303E-03,-3.70978E-03
+12.85000E-03,-503.61295E-03,-4.02636E-03
+12.87500E-03,-507.22675E-03,-4.18013E-03
+12.90000E-03,-508.50944E-03,-4.47760E-03
+12.92500E-03,-513.05590E-03,-4.75401E-03
+12.95000E-03,-513.40592E-03,-5.05550E-03
+12.97500E-03,-518.88504E-03,-5.34696E-03
+13.00000E-03,-521.79962E-03,-5.53690E-03
+13.02500E-03,-526.57979E-03,-5.82636E-03
+13.05000E-03,-527.62876E-03,-6.00424E-03
+13.07500E-03,-533.45791E-03,-6.39016E-03
+13.10000E-03,-536.37248E-03,-6.66957E-03
+13.12500E-03,-539.28705E-03,-6.80827E-03
+13.15000E-03,-544.65014E-03,-7.12686E-03
+13.17500E-03,-548.03077E-03,-7.46254E-03
+13.20000E-03,-555.37577E-03,-7.67661E-03
+13.22500E-03,-560.73858E-03,-7.92687E-03
+13.25000E-03,-565.51821E-03,-8.23038E-03
+13.27500E-03,-571.46421E-03,-8.54596E-03
+13.30000E-03,-579.74160E-03,-8.77511E-03
+13.32500E-03,-585.10441E-03,-8.96606E-03
+13.35000E-03,-595.01423E-03,-9.23439E-03
+13.37500E-03,-599.91072E-03,-9.41629E-03
+13.40000E-03,-609.93657E-03,-9.69068E-03
+13.42500E-03,-618.21396E-03,-9.94896E-03
+13.45000E-03,-629.17303E-03,-10.16104E-03
+13.47500E-03,-640.59788E-03,-10.43942E-03
+13.50000E-03,-651.78984E-03,-10.70274E-03
+13.52500E-03,-665.89637E-03,-10.90073E-03
+13.55000E-03,-680.00291E-03,-11.10876E-03
+13.57500E-03,-694.10944E-03,-11.33691E-03
+13.60000E-03,-711.01424E-03,-11.48263E-03
+13.62500E-03,-728.15165E-03,-11.70273E-03
+13.65000E-03,-744.12378E-03,-11.87459E-03
+13.67500E-03,-766.50770E-03,-12.00926E-03
+13.70000E-03,-788.89162E-03,-12.13390E-03
+13.72500E-03,-811.74215E-03,-12.29468E-03
+13.75000E-03,-836.57431E-03,-12.46153E-03
+13.77500E-03,-867.23562E-03,-12.56203E-03
+13.80000E-03,-892.06778E-03,-12.79018E-03
+13.82500E-03,-921.21323E-03,-12.83841E-03
+13.85000E-03,-950.47582E-03,-12.94393E-03
+13.87500E-03,-978.22255E-03,-12.99419E-03
+13.90000E-03,-1.00888386E+00,-13.01429E-03
+13.92500E-03,-1.03954517E+00,-13.19722E-03
+13.95000E-03,-1.07102228E+00,-13.22233E-03
+13.97500E-03,-1.10214992E+00,-13.30776E-03
+14.00000E-03,-1.13327755E+00,-13.33590E-03
+14.02500E-03,-1.16510497E+00,-13.39820E-03
+14.05000E-03,-1.19553283E+00,-13.41831E-03
+14.07500E-03,-1.22374590E+00,-13.44143E-03
+14.10000E-03,-1.25708889E+00,-13.48666E-03
+14.12500E-03,-1.28308660E+00,-13.45147E-03
+14.15000E-03,-1.31258235E+00,-13.52485E-03
+14.17500E-03,-1.34032909E+00,-13.54193E-03
+14.20000E-03,-1.36516125E+00,-13.67759E-03
+14.22500E-03,-1.39302429E+00,-13.61731E-03
+14.25000E-03,-1.41832278E+00,-13.66252E-03
+14.27500E-03,-1.44362127E+00,-13.65451E-03
+14.30000E-03,-1.46891977E+00,-13.66856E-03
+14.32500E-03,-1.49223663E+00,-13.76101E-03
+14.35000E-03,-1.51368760E+00,-13.77208E-03
+14.37500E-03,-1.53607180E+00,-13.74294E-03
+14.40000E-03,-1.56090397E+00,-13.68764E-03
+14.42500E-03,-1.58282155E+00,-13.80926E-03
+14.45000E-03,-1.60322328E+00,-13.77008E-03
+14.47500E-03,-1.62269263E+00,-13.75198E-03
+14.50000E-03,-1.64507655E+00,-13.83841E-03
+14.52500E-03,-1.66454590E+00,-13.82133E-03
+14.55000E-03,-1.68401524E+00,-13.91580E-03
+14.57500E-03,-1.70138582E+00,-13.84344E-03
+14.60000E-03,-1.71840692E+00,-13.81831E-03
+14.62500E-03,-1.73717649E+00,-13.85851E-03
+14.65000E-03,-1.75314891E+00,-13.79922E-03
+14.67500E-03,-1.76970369E+00,-13.83941E-03
+14.70000E-03,-1.78625846E+00,-13.85852E-03
+14.72500E-03,-1.79989866E+00,-13.81127E-03
+14.75000E-03,-1.81470441E+00,-13.87861E-03
+14.77500E-03,-1.82752825E+00,-13.86856E-03
+14.80000E-03,-1.84000290E+00,-13.90474E-03
+14.82500E-03,-1.85410943E+00,-13.83438E-03
+14.85000E-03,-1.86530139E+00,-13.89168E-03
+14.87500E-03,-1.87649335E+00,-13.88866E-03
+14.90000E-03,-1.88768531E+00,-13.87257E-03
+14.92500E-03,-1.89747799E+00,-13.89369E-03
+14.95000E-03,-1.90622171E+00,-13.92686E-03
+14.97500E-03,-1.91543205E+00,-13.88564E-03
+15.00000E-03,-1.92370944E+00,-13.91881E-03
+15.02500E-03,-1.93443535E+00,-13.87660E-03
+15.05000E-03,-1.94026421E+00,-13.94495E-03
+15.07500E-03,-1.95145617E+00,-13.89369E-03
+15.10000E-03,-1.95868402E+00,-13.94192E-03
+15.12500E-03,-1.96451317E+00,-13.85852E-03
+15.15000E-03,-1.97045918E+00,-13.89066E-03
+15.17500E-03,-1.98165114E+00,-13.89067E-03
+15.20000E-03,-1.98409939E+00,-13.95500E-03
+15.22500E-03,-1.99109465E+00,-13.97208E-03
+15.25000E-03,-1.99482501E+00,-13.98917E-03
+15.27500E-03,-2.00088761E+00,-14.05147E-03
+15.30000E-03,-2.00823176E+00,-14.02334E-03
+15.32500E-03,-2.01114634E+00,-14.03240E-03
+15.35000E-03,-2.01697548E+00,-13.93290E-03
+15.37500E-03,-2.02280463E+00,-13.80322E-03
+15.40000E-03,-2.02571920E+00,-13.82937E-03
+15.42500E-03,-2.02863377E+00,-13.88665E-03
+15.45000E-03,-2.03189838E+00,-13.85249E-03
+15.47500E-03,-2.03726120E+00,-13.94093E-03
+15.50000E-03,-2.03970944E+00,-13.92886E-03
+15.52500E-03,-2.04215768E+00,-13.87360E-03
+15.55000E-03,-2.04612121E+00,-13.89369E-03
+15.57500E-03,-2.04903578E+00,-13.86756E-03
+15.60000E-03,-2.04903578E+00,-13.88966E-03
+15.62500E-03,-2.05195035E+00,-13.94393E-03
+15.65000E-03,-2.05439889E+00,-13.85651E-03
+15.67500E-03,-2.05486493E+00,-13.87660E-03
+15.70000E-03,-2.05929537E+00,-13.89369E-03
+15.72500E-03,-2.05964454E+00,-13.86153E-03
+15.75000E-03,-2.06069407E+00,-13.94895E-03
+15.77500E-03,-2.06069407E+00,-13.94797E-03
+15.80000E-03,-2.06360865E+00,-13.98816E-03
+15.82500E-03,-2.06360865E+00,-13.86153E-03
+15.85000E-03,-2.06652322E+00,-13.92685E-03
+15.87500E-03,-2.06652322E+00,-13.96906E-03
+15.90000E-03,-2.06652322E+00,-13.93890E-03
+15.92500E-03,-2.06652322E+00,-13.92083E-03
+15.95000E-03,-2.06652322E+00,-13.86655E-03
+15.97500E-03,-2.06430785E+00,-13.86856E-03
+16.00000E-03,-2.06593972E+00,-13.91380E-03
+16.02500E-03,-2.06652322E+00,-13.93288E-03
+16.05000E-03,-2.06360865E+00,-13.98715E-03
+16.07500E-03,-2.06325860E+00,-13.90976E-03
+16.10000E-03,-2.06069407E+00,-13.89469E-03
+16.12500E-03,-2.05836212E+00,-13.89369E-03
+16.15000E-03,-2.05777950E+00,-13.85448E-03
+16.17500E-03,-2.05195035E+00,-13.87962E-03
+16.20000E-03,-2.05195035E+00,-13.86052E-03
+16.22500E-03,-2.04612121E+00,-13.79219E-03
+16.25000E-03,-2.04320634E+00,-13.96907E-03
+16.27500E-03,-2.03737749E+00,-13.98615E-03
+16.30000E-03,-2.03248071E+00,-13.91077E-03
+16.32500E-03,-2.02711790E+00,-13.81730E-03
+16.35000E-03,-2.02175509E+00,-13.81330E-03
+16.37500E-03,-2.01406091E+00,-13.89369E-03
+16.40000E-03,-2.00823176E+00,-13.91680E-03
+16.42500E-03,-2.00531719E+00,-13.83036E-03
+16.45000E-03,-1.99657347E+00,-13.97610E-03
+16.47500E-03,-1.98911187E+00,-13.91380E-03
+16.50000E-03,-1.98374906E+00,-13.86354E-03
+16.52500E-03,-1.97547167E+00,-13.92584E-03
+16.55000E-03,-1.96719428E+00,-13.88966E-03
+16.57500E-03,-1.95868402E+00,-13.88766E-03
+16.60000E-03,-1.95285488E+00,-13.82434E-03
+16.62500E-03,-1.94236212E+00,-13.81327E-03
+16.65000E-03,-1.93408473E+00,-13.80123E-03
+16.67500E-03,-1.92872192E+00,-13.82936E-03
+16.70000E-03,-1.91752996E+00,-13.84042E-03
+16.72500E-03,-1.90925257E+00,-13.72182E-03
+16.75000E-03,-1.90330714E+00,-13.81831E-03
+16.77500E-03,-1.89269780E+00,-13.80022E-03
+16.80000E-03,-1.88442041E+00,-13.88162E-03
+16.82500E-03,-1.87322845E+00,-13.87461E-03
+16.85000E-03,-1.86739901E+00,-13.93187E-03
+16.87500E-03,-1.85667368E+00,-13.89368E-03
+16.90000E-03,-1.84793026E+00,-13.87258E-03
+16.92500E-03,-1.83918654E+00,-13.86755E-03
+16.95000E-03,-1.82741107E+00,-13.90675E-03
+16.97500E-03,-1.81773498E+00,-14.01027E-03
+17.00000E-03,-1.80887438E+00,-13.93388E-03
+17.02500E-03,-1.80118021E+00,-13.89772E-03
+17.05000E-03,-1.78998825E+00,-14.01329E-03
+17.07500E-03,-1.77961207E+00,-13.92182E-03
+17.10000E-03,-1.76760433E+00,-13.94696E-03
+17.12500E-03,-1.75932694E+00,-13.87359E-03
+17.15000E-03,-1.75034976E+00,-13.90071E-03
+17.17500E-03,-1.73962413E+00,-13.79318E-03
+17.20000E-03,-1.73134734E+00,-13.81831E-03
+17.22500E-03,-1.72038825E+00,-13.84344E-03
+17.25000E-03,-1.70919629E+00,-13.77309E-03
+17.27500E-03,-1.69800433E+00,-13.91377E-03
+17.30000E-03,-1.68681237E+00,-13.81430E-03
+17.32500E-03,-1.67853498E+00,-13.79017E-03
+17.35000E-03,-1.66722674E+00,-13.88968E-03
+17.37500E-03,-1.65440171E+00,-13.84344E-03
+17.40000E-03,-1.64495910E+00,-13.81831E-03
+17.42500E-03,-1.63085257E+00,-13.78012E-03
+17.45000E-03,-1.62164222E+00,-13.76002E-03
+17.47500E-03,-1.60893528E+00,-13.82636E-03
+17.50000E-03,-1.60019126E+00,-13.69270E-03
+17.52500E-03,-1.58853327E+00,-13.79720E-03
+17.55000E-03,-1.57396041E+00,-13.87761E-03
+17.57500E-03,-1.56521669E+00,-13.76806E-03
+17.60000E-03,-1.55250885E+00,-13.82534E-03
+17.62500E-03,-1.54073367E+00,-13.84344E-03
+17.65000E-03,-1.53012493E+00,-13.81327E-03
+17.67500E-03,-1.51858353E+00,-13.79318E-03
+17.70000E-03,-1.50482644E+00,-13.78315E-03
+17.72500E-03,-1.49491659E+00,-13.73188E-03
+17.75000E-03,-1.48360865E+00,-13.72283E-03
+17.77500E-03,-1.47125056E+00,-13.79922E-03
+17.80000E-03,-1.46005860E+00,-13.76001E-03
+17.82500E-03,-1.44595207E+00,-13.68666E-03
+17.85000E-03,-1.43254473E+00,-13.69167E-03
+17.87500E-03,-1.42065357E+00,-13.75298E-03
+17.90000E-03,-1.40654704E+00,-13.79619E-03
+17.92500E-03,-1.39453870E+00,-13.74997E-03
+17.95000E-03,-1.38089849E+00,-13.65148E-03
+17.97500E-03,-1.36434372E+00,-13.69569E-03
+18.00000E-03,-1.35012091E+00,-13.76304E-03
+18.02500E-03,-1.33706332E+00,-13.71981E-03
+18.05000E-03,-1.32039257E+00,-13.79218E-03
+18.07500E-03,-1.30488674E+00,-13.71581E-03
+18.10000E-03,-1.29078021E+00,-13.75599E-03
+18.12500E-03,-1.27375910E+00,-13.71781E-03
+18.15000E-03,-1.25965257E+00,-13.81028E-03
+18.17500E-03,-1.24263146E+00,-13.74395E-03
+18.20000E-03,-1.22700904E+00,-13.67961E-03
+18.22500E-03,-1.20858925E+00,-13.77509E-03
+18.25000E-03,-1.19098492E+00,-13.74796E-03
+18.27500E-03,-1.17443015E+00,-13.64344E-03
+18.30000E-03,-1.15496080E+00,-13.70576E-03
+18.32500E-03,-1.13759026E+00,-13.74293E-03
+18.35000E-03,-1.12056915E+00,-13.74293E-03
+18.37500E-03,-1.10238191E+00,-13.65752E-03
+18.40000E-03,-1.08361237E+00,-13.80121E-03
+18.42500E-03,-1.06367669E+00,-13.73488E-03
+18.45000E-03,-1.04688844E+00,-13.58111E-03
+18.47500E-03,-1.03254905E+00,-13.72485E-03
+18.50000E-03,-1.01377889E+00,-13.69771E-03
+18.52500E-03,-995.59227E-03,-13.72082E-03
+18.55000E-03,-974.84020E-03,-13.70676E-03
+18.57500E-03,-958.28542E-03,-13.69872E-03
+18.60000E-03,-941.61438E-03,-13.71580E-03
+18.62500E-03,-922.26130E-03,-13.67760E-03
+18.65000E-03,-905.70653E-03,-13.65851E-03
+18.67500E-03,-887.63649E-03,-13.57912E-03
+18.70000E-03,-869.68241E-03,-13.55097E-03
+18.72500E-03,-850.67970E-03,-13.50777E-03
+18.75000E-03,-833.65829E-03,-13.54192E-03
+18.77500E-03,-814.18894E-03,-13.68969E-03
+18.80000E-03,-797.63417E-03,-13.54092E-03
+18.82500E-03,-781.19660E-03,-13.59218E-03
+18.85000E-03,-762.65960E-03,-13.61028E-03
+18.87500E-03,-745.63850E-03,-13.55700E-03
+18.90000E-03,-728.50050E-03,-13.49268E-03
+18.92500E-03,-711.59629E-03,-13.54494E-03
+18.95000E-03,-692.47638E-03,-13.52083E-03
+18.97500E-03,-675.92160E-03,-13.43841E-03
+19.00000E-03,-659.36683E-03,-13.49671E-03
+19.02500E-03,-642.81205E-03,-13.47961E-03
+19.05000E-03,-623.57619E-03,-13.46454E-03
+19.07500E-03,-609.23680E-03,-13.46454E-03
+19.10000E-03,-588.01777E-03,-13.51579E-03
+19.12500E-03,-569.59830E-03,-13.54695E-03
+19.15000E-03,-552.92631E-03,-13.46354E-03
+19.17500E-03,-534.73969E-03,-13.52384E-03
+19.20000E-03,-518.18492E-03,-13.46353E-03
+19.22500E-03,-498.59930E-03,-13.46755E-03
+19.25000E-03,-484.49277E-03,-13.50174E-03
+19.27500E-03,-465.60602E-03,-13.45751E-03
+19.30000E-03,-449.05125E-03,-13.36905E-03
+19.32500E-03,-430.51488E-03,-13.35701E-03
+19.35000E-03,-416.40835E-03,-13.42032E-03
+19.37500E-03,-396.47267E-03,-13.31579E-03
+19.40000E-03,-382.36614E-03,-13.26452E-03
+19.42500E-03,-363.36281E-03,-13.36808E-03
+19.45000E-03,-346.80803E-03,-13.22735E-03
+19.47500E-03,-328.38825E-03,-13.27258E-03
+19.50000E-03,-311.36714E-03,-13.21027E-03
+19.52500E-03,-294.34604E-03,-13.16303E-03
+19.55000E-03,-277.67436E-03,-13.17812E-03
+19.57500E-03,-263.21840E-03,-13.08967E-03
+19.60000E-03,-246.19729E-03,-13.12282E-03
+19.62500E-03,-229.17619E-03,-13.11478E-03
+19.65000E-03,-212.15508E-03,-13.10876E-03
+19.67500E-03,-200.72964E-03,-13.13388E-03
+19.70000E-03,-181.02744E-03,-13.04142E-03
+19.72500E-03,-166.92091E-03,-12.97007E-03
+19.75000E-03,-152.81438E-03,-12.90373E-03
+19.77500E-03,-137.42511E-03,-12.86655E-03
+19.80000E-03,-121.68674E-03,-12.87761E-03
+19.82500E-03,-107.23014E-03,-12.85750E-03
+19.85000E-03,-93.47367E-03,-12.78515E-03
+19.87500E-03,-79.36714E-03,-12.70272E-03
+19.90000E-03,-65.26061E-03,-12.77511E-03
+19.92500E-03,-51.15408E-03,-12.66353E-03
+19.95000E-03,-39.96212E-03,-12.67961E-03
+19.97500E-03,-25.38893E-03,-12.57812E-03
+20.00000E-03,-14.66330E-03,-12.48665E-03
+20.02500E-03,-3.00565E-03,-12.51682E-03
+20.05000E-03,+12.61710E-03,-12.41127E-03
+20.07500E-03,+24.74140E-03,-12.36102E-03
+20.10000E-03,+34.88379E-03,-12.35399E-03
+20.12500E-03,+41.29618E-03,-12.30072E-03
+20.15000E-03,+55.40271E-03,-12.18918E-03
+20.17500E-03,+64.02952E-03,-12.29167E-03
+20.20000E-03,+75.68781E-03,-12.23540E-03
+20.22500E-03,+86.06401E-03,-12.12082E-03
+20.25000E-03,+96.08982E-03,-12.04443E-03
+20.27500E-03,+104.83354E-03,-12.02133E-03
+20.30000E-03,+113.81075E-03,-11.97609E-03
+20.32500E-03,+122.32098E-03,-11.92987E-03
+20.35000E-03,+133.28010E-03,-11.80122E-03
+20.37500E-03,+141.55748E-03,-11.75801E-03
+20.40000E-03,+149.83487E-03,-11.63238E-03
+20.42500E-03,+157.29585E-03,-11.66553E-03
+20.45000E-03,+166.38964E-03,-11.49672E-03
+20.47500E-03,+174.66703E-03,-11.40825E-03
+20.50000E-03,+182.94442E-03,-11.46656E-03
+20.52500E-03,+191.22180E-03,-11.32583E-03
+20.55000E-03,+196.70055E-03,-11.25650E-03
+20.57500E-03,+204.86201E-03,-11.12987E-03
+20.60000E-03,+213.13939E-03,-11.13086E-03
+20.62500E-03,+221.41645E-03,-10.95399E-03
+20.65000E-03,+226.77959E-03,-10.89066E-03
+20.67500E-03,+233.07475E-03,-10.81931E-03
+20.70000E-03,+238.90389E-03,-10.71378E-03
+20.72500E-03,+248.69718E-03,-10.70976E-03
+20.75000E-03,+254.06000E-03,-10.65248E-03
+20.77500E-03,+262.22047E-03,-10.52685E-03
+20.80000E-03,+268.04962E-03,-10.40122E-03
+20.82500E-03,+275.16183E-03,-10.23238E-03
+20.85000E-03,+279.70791E-03,-10.24244E-03
+20.87500E-03,+286.70321E-03,-10.13992E-03
+20.90000E-03,+292.06603E-03,-10.05046E-03
+20.92500E-03,+303.02449E-03,-10.01830E-03
+20.95000E-03,+303.25733E-03,-9.76000E-03
+20.97500E-03,+311.06904E-03,-9.71579E-03
+21.00000E-03,+314.68279E-03,-9.53188E-03
+21.02500E-03,+320.51193E-03,-9.46353E-03
+21.05000E-03,+327.15749E-03,-9.31378E-03
+21.07500E-03,+332.17022E-03,-9.20523E-03
+21.10000E-03,+337.88311E-03,-9.16806E-03
+21.12500E-03,+343.82851E-03,-8.89367E-03
+21.15000E-03,+349.65766E-03,-8.93289E-03
+21.17500E-03,+353.97156E-03,-8.88262E-03
+21.20000E-03,+358.40138E-03,-8.75297E-03
+21.22500E-03,+363.76386E-03,-8.62133E-03
+21.25000E-03,+367.14510E-03,-8.36605E-03
+21.27500E-03,+372.50824E-03,-8.22735E-03
+21.30000E-03,+377.87105E-03,-8.06251E-03
+21.32500E-03,+381.71796E-03,-7.92483E-03
+21.35000E-03,+387.54711E-03,-7.75600E-03
+21.37500E-03,+393.37625E-03,-7.66755E-03
+21.40000E-03,+396.29082E-03,-7.56001E-03
+21.42500E-03,+398.85598E-03,-7.25046E-03
+21.45000E-03,+404.21879E-03,-7.16002E-03
+21.47500E-03,+406.66704E-03,-6.89167E-03
+21.50000E-03,+410.86369E-03,-6.69268E-03
+21.52500E-03,+413.77826E-03,-6.63238E-03
+21.55000E-03,+416.92633E-03,-6.47358E-03
+21.57500E-03,+422.52198E-03,-6.24041E-03
+21.60000E-03,+428.35113E-03,-6.10975E-03
+21.62500E-03,+430.10020E-03,-5.95399E-03
+21.65000E-03,+431.26570E-03,-5.68663E-03
+21.67500E-03,+434.99668E-03,-5.49870E-03
+21.70000E-03,+439.65934E-03,-5.27560E-03
+21.72500E-03,+442.80774E-03,-5.14897E-03
+21.75000E-03,+443.50657E-03,-4.92384E-03
+21.77500E-03,+446.88748E-03,-4.75196E-03
+21.80000E-03,+448.75314E-03,-4.45951E-03
+21.82500E-03,+451.66771E-03,-4.24545E-03
+21.85000E-03,+457.03019E-03,-4.16703E-03
+21.87500E-03,+457.49685E-03,-3.91882E-03
+21.90000E-03,+460.41143E-03,-3.67961E-03
+21.92500E-03,+463.32600E-03,-3.50877E-03
+21.95000E-03,+463.32600E-03,-3.25147E-03
+21.97500E-03,+466.24057E-03,-3.10776E-03
+22.00000E-03,+469.15515E-03,-2.90373E-03
+22.02500E-03,+472.06972E-03,-2.71077E-03
+22.05000E-03,+472.06972E-03,-2.50274E-03
+22.07500E-03,+474.98429E-03,-2.22031E-03
+22.10000E-03,+476.61679E-03,-1.98716E-03
+22.12500E-03,+477.89886E-03,-1.73790E-03
+22.15000E-03,+480.81344E-03,-1.65247E-03
+22.17500E-03,+483.49451E-03,-1.40625E-03
+22.20000E-03,+483.72801E-03,-1.16102E-03
+22.22500E-03,+486.64258E-03,-1.01731E-03
+22.25000E-03,+488.39166E-03,-818.30E-06
+22.27500E-03,+489.55716E-03,-580.11E-06
+22.30000E-03,+492.47173E-03,-297.70E-06
+22.32500E-03,+492.82181E-03,-90.66E-06
+22.35000E-03,+495.38630E-03,+199.79E-06
+22.37500E-03,+495.96888E-03,+473.16E-06
+22.40000E-03,+498.30087E-03,+578.67E-06
+22.42500E-03,+499.81611E-03,+851.06E-06
+22.45000E-03,+501.21545E-03,+1.08019E-03
+22.47500E-03,+503.66335E-03,+1.33647E-03
+22.50000E-03,+504.13036E-03,+1.45809E-03
+22.52500E-03,+507.04459E-03,+1.68019E-03
+22.55000E-03,+509.95917E-03,+1.91135E-03
+22.57500E-03,+509.95917E-03,+2.17365E-03
+22.60000E-03,+511.82415E-03,+2.35355E-03
+22.62500E-03,+512.87374E-03,+2.60884E-03
+22.65000E-03,+515.78831E-03,+2.96561E-03
+22.67500E-03,+516.13772E-03,+3.09425E-03
+22.70000E-03,+519.51862E-03,+3.42190E-03
+22.72500E-03,+521.61746E-03,+3.65911E-03
+22.75000E-03,+524.53203E-03,+3.90531E-03
+22.77500E-03,+524.53203E-03,+4.22693E-03
+22.80000E-03,+527.44660E-03,+4.43296E-03
+22.82500E-03,+533.04292E-03,+4.76663E-03
+22.85000E-03,+533.27575E-03,+5.01487E-03
+22.87500E-03,+536.19032E-03,+5.26712E-03
+22.90000E-03,+537.82214E-03,+5.51940E-03
+22.92500E-03,+539.92132E-03,+5.82993E-03
+22.95000E-03,+544.93404E-03,+6.09326E-03
+22.97500E-03,+544.93404E-03,+6.47819E-03
+23.00000E-03,+550.76319E-03,+6.67416E-03
+23.02500E-03,+552.62885E-03,+6.99579E-03
+23.05000E-03,+555.07710E-03,+7.18472E-03
+23.07500E-03,+559.50690E-03,+7.55456E-03
+23.10000E-03,+562.42148E-03,+7.72642E-03
+23.12500E-03,+568.25028E-03,+8.01586E-03
+23.15000E-03,+568.25062E-03,+8.16661E-03
+23.17500E-03,+574.07977E-03,+8.46812E-03
+23.20000E-03,+578.51026E-03,+8.73447E-03
+23.22500E-03,+582.82349E-03,+9.04399E-03
+23.25000E-03,+586.32132E-03,+9.28723E-03
+23.27500E-03,+591.68413E-03,+9.50331E-03
+23.30000E-03,+599.96152E-03,+9.69325E-03
+23.32500E-03,+605.32433E-03,+10.12744E-03
+23.35000E-03,+610.68715E-03,+10.25204E-03
+23.37500E-03,+618.96453E-03,+10.51337E-03
+23.40000E-03,+624.32735E-03,+10.72943E-03
+23.42500E-03,+632.60474E-03,+11.00380E-03
+23.45000E-03,+641.11494E-03,+11.20682E-03
+23.47500E-03,+651.37493E-03,+11.50230E-03
+23.50000E-03,+660.35147E-03,+11.63395E-03
+23.52500E-03,+671.54343E-03,+11.88521E-03
+23.55000E-03,+684.83354E-03,+12.12541E-03
+23.57500E-03,+696.84192E-03,+12.27718E-03
+23.60000E-03,+710.83222E-03,+12.50934E-03
+23.62500E-03,+725.05499E-03,+12.68422E-03
+23.65000E-03,+741.02719E-03,+12.96561E-03
+23.67500E-03,+757.58197E-03,+13.16262E-03
+23.70000E-03,+776.11830E-03,+13.36762E-03
+23.72500E-03,+796.05398E-03,+13.49727E-03
+23.75000E-03,+815.99001E-03,+13.49326E-03
+23.77500E-03,+841.28850E-03,+13.83595E-03
+23.80000E-03,+865.65468E-03,+13.93747E-03
+23.82500E-03,+891.88549E-03,+14.04702E-03
+23.85000E-03,+917.18398E-03,+14.12139E-03
+23.87500E-03,+945.39704E-03,+14.22693E-03
+23.90000E-03,+973.72704E-03,+14.44701E-03
+23.92500E-03,+1.00147377E+00,+14.42892E-03
+23.95000E-03,+1.03213508E+00,+14.59577E-03
+23.97500E-03,+1.06279639E+00,+14.66310E-03
+24.00000E-03,+1.09229152E+00,+14.71435E-03
+24.02500E-03,+1.12120443E+00,+14.84301E-03
+24.05000E-03,+1.14895116E+00,+14.87516E-03
+24.07500E-03,+1.17693071E+00,+14.92139E-03
+24.10000E-03,+1.20735920E+00,+14.93144E-03
+24.12500E-03,+1.23510594E+00,+14.99575E-03
+24.15000E-03,+1.26285267E+00,+15.13446E-03
+24.17500E-03,+1.29269755E+00,+15.06610E-03
+24.20000E-03,+1.32091061E+00,+14.97868E-03
+24.22500E-03,+1.34620910E+00,+15.05003E-03
+24.25000E-03,+1.37383961E+00,+15.10129E-03
+24.27500E-03,+1.39867177E+00,+15.17466E-03
+24.30000E-03,+1.42793373E+00,+15.16560E-03
+24.32500E-03,+1.45229921E+00,+15.24400E-03
+24.35000E-03,+1.47561614E+00,+15.18471E-03
+24.37500E-03,+1.50091428E+00,+15.20178E-03
+24.40000E-03,+1.52084996E+00,+15.08821E-03
+24.42500E-03,+1.54568247E+00,+15.21888E-03
+24.45000E-03,+1.56515182E+00,+15.17869E-03
+24.47500E-03,+1.58462117E+00,+15.28420E-03
+24.50000E-03,+1.60758835E+00,+15.25707E-03
+24.52500E-03,+1.62927207E+00,+15.27817E-03
+24.55000E-03,+1.64629317E+00,+15.27114E-03
+24.57500E-03,+1.66541313E+00,+15.25204E-03
+24.60000E-03,+1.68324996E+00,+15.24600E-03
+24.62500E-03,+1.70143725E+00,+15.31236E-03
+24.65000E-03,+1.72020674E+00,+15.29626E-03
+24.67500E-03,+1.73722785E+00,+15.36760E-03
+24.70000E-03,+1.75693071E+00,+15.25606E-03
+24.72500E-03,+1.77057092E+00,+15.35254E-03
+24.75000E-03,+1.78537659E+00,+15.34753E-03
+24.77500E-03,+1.80076589E+00,+15.44199E-03
+24.80000E-03,+1.81440609E+00,+15.38070E-03
+24.82500E-03,+1.82804629E+00,+15.42792E-03
+24.85000E-03,+1.84460107E+00,+15.40079E-03
+24.87500E-03,+1.85882383E+00,+15.40782E-03
+24.90000E-03,+1.87188147E+00,+15.34750E-03
+24.92500E-03,+1.88412232E+00,+15.34955E-03
+24.95000E-03,+1.89531428E+00,+15.35254E-03
+24.97500E-03,+1.90697293E+00,+15.38572E-03
+25.00000E-03,+1.91769784E+00,+15.45304E-03
+25.02500E-03,+1.92889016E+00,+15.37767E-03
+25.05000E-03,+1.94008212E+00,+15.47013E-03
+25.07500E-03,+1.94835951E+00,+15.47918E-03
+25.10000E-03,+1.95768650E+00,+15.49425E-03
+25.12500E-03,+1.96782885E+00,+15.51334E-03
+25.15000E-03,+1.97890387E+00,+15.45506E-03
+25.17500E-03,+1.98729820E+00,+15.43394E-03
