X,CH1,CH2,CH3,CH4,Start,Increment,
Sequence,Volt,Volt,Volt,Volt,-1.200000e-01,2.000000e-04
0,1.52e+00,5.12e-01,-4.16e-01,-7.60e-01,
1,1.60e+00,5.12e-01,-3.68e-01,-6.80e-01,
2,1.60e+00,5.12e-01,-5.28e-01,-9.20e-01,
3,1.52e+00,5.12e-01,-1.84e-01,-3.20e-01,
4,1.60e+00,5.12e-01,-2.88e-01,-4.80e-01,
5,1.52e+00,5.12e-01,-3.68e-01,-6.40e-01,
6,1.52e+00,5.12e-01,-3.28e-01,-7.20e-01,
7,1.76e+00,5.12e-01,-3.92e-01,-5.60e-01,
8,1.52e+00,5.12e-01,-3.60e-01,-6.00e-01,
9,1.76e+00,5.12e-01,-4.16e-01,-7.60e-01,
10,1.76e+00,5.12e-01,-3.76e-01,-7.60e-01,
11,1.52e+00,5.12e-01,-4.40e-01,-6.80e-01,
12,1.52e+00,5.12e-01,-4.00e-01,-7.20e-01,
13,1.76e+00,5.12e-01,-4.56e-01,-8.40e-01,
14,1.76e+00,5.12e-01,-4.16e-01,-7.20e-01,
15,1.60e+00,5.12e-01,-4.64e-01,-8.40e-01,
16,1.68e+00,5.12e-01,-4.16e-01,-7.20e-01,
17,1.76e+00,5.12e-01,-4.72e-01,-8.40e-01,
18,1.68e+00,5.12e-01,-4.72e-01,-8.40e-01,
19,1.76e+00,5.12e-01,-4.24e-01,-7.20e-01,
20,1.76e+00,5.12e-01,-4.72e-01,-8.40e-01,
21,1.68e+00,5.12e-01,-4.32e-01,-7.60e-01,
22,1.68e+00,5.12e-01,-4.72e-01,-8.40e-01,
23,1.76e+00,5.12e-01,-4.24e-01,-8.00e-01,
24,1.68e+00,5.12e-01,-4.72e-01,-8.40e-01,
25,1.76e+00,5.12e-01,-4.24e-01,-7.20e-01,
26,1.68e+00,5.12e-01,-4.64e-01,-8.40e-01,
27,1.76e+00,5.12e-01,-4.16e-01,-7.20e-01,
28,1.76e+00,5.12e-01,-4.56e-01,-8.40e-01,
29,1.68e+00,5.12e-01,-4.08e-01,-7.20e-01,
30,1.68e+00,5.12e-01,-4.40e-01,-8.00e-01,
31,1.76e+00,5.12e-01,-3.92e-01,-6.80e-01,
32,1.76e+00,5.12e-01,-4.24e-01,-7.60e-01,
33,1.68e+00,5.12e-01,-3.68e-01,-6.80e-01,
34,1.68e+00,5.12e-01,-3.60e-01,-6.40e-01,
35,1.76e+00,5.12e-01,-5.12e-01,-9.20e-01,
36,1.76e+00,5.12e-01,-4.16e-01,-7.60e-01,
37,1.68e+00,5.12e-01,-1.84e-01,-3.20e-01,
38,1.68e+00,5.12e-01,-3.12e-01,-5.60e-01,
39,1.76e+00,5.12e-01,-3.76e-01,-7.20e-01,
40,1.76e+00,5.12e-01,-3.28e-01,-6.00e-01,
41,1.52e+00,5.12e-01,-4.00e-01,-7.20e-01,
42,1.52e+00,5.12e-01,-3.68e-01,-7.60e-01,
43,1.76e+00,5.12e-01,-4.16e-01,-6.40e-01,
44,1.52e+00,5.12e-01,-3.84e-01,-6.80e-01,
45,1.76e+00,5.12e-01,-4.32e-01,-7.60e-01,
46,1.76e+00,5.12e-01,-4.00e-01,-7.20e-01,
47,1.52e+00,5.12e-01,-4.48e-01,-8.40e-01,
48,1.60e+00,5.12e-01,-4.08e-01,-7.20e-01,
49,1.52e+00,5.12e-01,-4.56e-01,-8.40e-01,
50,1.60e+00,5.12e-01,-4.16e-01,-7.20e-01,
51,1.52e+00,5.12e-01,-4.64e-01,-8.40e-01,
52,1.52e+00,5.12e-01,-4.64e-01,-8.40e-01,
53,1.60e+00,5.12e-01,-4.16e-01,-7.20e-01,
54,1.60e+00,5.12e-01,-4.64e-01,-8.40e-01,
55,1.52e+00,5.12e-01,-4.16e-01,-7.20e-01,
56,1.60e+00,5.12e-01,-4.64e-01,-7.20e-01,
57,1.52e+00,5.12e-01,-4.16e-01,-8.40e-01,
58,1.60e+00,5.12e-01,-4.64e-01,-7.20e-01,
59,1.44e+00,5.12e-01,-4.08e-01,-8.40e-01,
60,1.60e+00,5.12e-01,-4.48e-01,-7.20e-01,
61,1.44e+00,5.12e-01,-3.92e-01,-8.40e-01,
62,1.44e+00,5.12e-01,-4.32e-01,-7.60e-01,
63,1.52e+00,5.12e-01,-3.92e-01,-6.80e-01,
64,1.44e+00,5.12e-01,-4.24e-01,-7.60e-01,
65,1.52e+00,5.12e-01,-3.68e-01,-6.80e-01,
66,1.52e+00,5.12e-01,-4.16e-01,-7.60e-01,
67,1.44e+00,5.12e-01,-3.60e-01,-6.80e-01,
68,1.52e+00,5.12e-01,-5.04e-01,-9.20e-01,
69,1.28e+00,5.12e-01,-1.68e-01,-3.20e-01,
70,1.28e+00,5.12e-01,-2.80e-01,-4.80e-01,
71,1.52e+00,5.12e-01,-3.60e-01,-6.40e-01,
72,1.28e+00,5.12e-01,-3.28e-01,-5.60e-01,
73,1.52e+00,5.12e-01,-3.84e-01,-7.20e-01,
74,1.28e+00,5.12e-01,-3.60e-01,-6.00e-01,
75,1.36e+00,5.12e-01,-4.08e-01,-7.60e-01,
76,1.36e+00,5.12e-01,-3.76e-01,-6.80e-01,
77,1.20e+00,5.12e-01,-4.24e-01,-7.60e-01,
78,1.20e+00,5.12e-01,-3.92e-01,-6.80e-01,
79,1.36e+00,5.12e-01,-4.40e-01,-7.60e-01,
80,1.20e+00,5.12e-01,-4.00e-01,-7.20e-01,
81,1.28e+00,5.12e-01,-4.48e-01,-8.40e-01,
82,1.28e+00,5.12e-01,-4.56e-01,-7.20e-01,
83,1.04e+00,5.12e-01,-4.00e-01,-8.40e-01,
84,1.04e+00,5.12e-01,-4.56e-01,-7.20e-01,
85,1.28e+00,5.12e-01,-4.08e-01,-8.40e-01,
86,1.04e+00,5.12e-01,-4.16e-01,-7.20e-01,
87,1.12e+00,5.12e-01,-4.64e-01,-8.40e-01,
88,1.12e+00,5.12e-01,-4.08e-01,-7.20e-01,
89,9.60e-01,5.12e-01,-4.56e-01,-8.40e-01,
90,8.80e-01,5.12e-01,-4.56e-01,-7.20e-01,
91,1.12e+00,5.12e-01,-4.00e-01,-8.40e-01,
92,9.60e-01,5.12e-01,-4.48e-01,-8.40e-01,
93,8.80e-01,5.12e-01,-4.00e-01,-7.20e-01,
94,9.60e-01,5.12e-01,-4.40e-01,-7.60e-01,
95,8.00e-01,5.12e-01,-3.92e-01,-6.80e-01,
96,8.80e-01,5.12e-01,-4.32e-01,-7.60e-01,
97,8.00e-01,5.12e-01,-3.76e-01,-6.80e-01,
98,8.80e-01,5.12e-01,-4.16e-01,-7.60e-01,
99,6.40e-01,5.12e-01,-3.68e-01,-6.80e-01,
100,8.80e-01,5.12e-01,-4.08e-01,-7.60e-01,
101,6.40e-01,5.12e-01,-3.52e-01,-6.00e-01,
102,7.20e-01,5.12e-01,-5.12e-01,-9.60e-01,
103,5.60e-01,5.12e-01,-1.92e-01,-3.60e-01,
104,5.60e-01,5.12e-01,-2.72e-01,-4.80e-01,
105,7.20e-01,5.12e-01,-3.52e-01,-6.40e-01,
106,6.40e-01,5.12e-01,-3.20e-01,-5.60e-01,
107,4.00e-01,5.12e-01,-3.84e-01,-7.20e-01,
108,5.60e-01,5.12e-01,-3.52e-01,-6.00e-01,
109,4.00e-01,5.12e-01,-4.08e-01,-7.20e-01,
110,4.80e-01,5.12e-01,-3.68e-01,-6.80e-01,
111,3.20e-01,5.12e-01,-4.24e-01,-7.60e-01,
112,3.20e-01,5.12e-01,-3.60e-01,-6.80e-01,
113,4.00e-01,5.12e-01,-4.40e-01,-7.60e-01,
114,4.00e-01,5.12e-01,-4.00e-01,-6.80e-01,
115,1.60e-01,5.12e-01,-4.56e-01,-8.40e-01,
116,2.40e-01,5.12e-01,-4.08e-01,-6.80e-01,
117,1.60e-01,5.12e-01,-4.56e-01,-8.40e-01,
118,2.40e-01,5.12e-01,-4.64e-01,-8.40e-01,
119,8.00e-02,5.12e-01,-4.08e-01,-7.20e-01,
120,8.00e-02,5.12e-01,-4.08e-01,-8.40e-01,
121,1.60e-01,5.12e-01,-4.72e-01,-7.20e-01,
122,8.00e-02,5.12e-01,-4.64e-01,-7.20e-01,
123,1.60e-01,5.12e-01,-4.16e-01,-8.40e-01,
124,8.00e-02,5.12e-01,-4.16e-01,-7.20e-01,
125,1.60e-01,5.12e-01,-4.64e-01,-8.40e-01,
126,8.00e-02,5.12e-01,-4.56e-01,-7.20e-01,
127,1.60e-01,5.12e-01,-4.00e-01,-8.40e-01,
128,8.00e-02,5.12e-01,-4.48e-01,-7.20e-01,
129,1.60e-01,5.12e-01,-4.00e-01,-8.00e-01,
130,8.00e-02,5.12e-01,-4.32e-01,-7.60e-01,
131,1.60e-01,5.12e-01,-3.68e-01,-6.80e-01,
132,8.00e-02,5.12e-01,-4.24e-01,-6.80e-01,
133,1.60e-01,5.12e-01,-3.68e-01,-7.60e-01,
134,8.00e-02,5.12e-01,-4.88e-01,-8.80e-01,
135,1.60e-01,5.12e-01,-1.76e-01,-3.20e-01,
136,1.60e-01,5.12e-01,-2.48e-01,-4.40e-01,
137,8.00e-02,5.12e-01,-3.60e-01,-6.40e-01,
138,8.00e-02,5.12e-01,-3.20e-01,-5.60e-01,
139,1.60e-01,5.12e-01,-3.84e-01,-7.20e-01,
140,8.00e-02,5.12e-01,-3.52e-01,-6.00e-01,
141,1.60e-01,5.12e-01,-4.08e-01,-7.60e-01,
142,8.00e-02,5.12e-01,-3.68e-01,-6.80e-01,
143,1.60e-01,5.12e-01,-4.24e-01,-7.60e-01,
144,8.00e-02,5.12e-01,-3.92e-01,-6.80e-01,
145,1.60e-01,5.12e-01,-4.48e-01,-8.40e-01,
146,1.60e-01,5.12e-01,-4.08e-01,-7.20e-01,
147,8.00e-02,5.12e-01,-4.56e-01,-8.40e-01,
148,8.00e-02,5.12e-01,-4.16e-01,-7.20e-01,
149,1.60e-01,5.12e-01,-4.64e-01,-8.40e-01,
150,8.00e-02,5.12e-01,-4.24e-01,-8.40e-01,
151,1.60e-01,5.12e-01,-4.72e-01,-7.20e-01,
152,8.00e-02,5.12e-01,-4.72e-01,-8.40e-01,
153,1.60e-01,5.12e-01,-4.24e-01,-7.20e-01,
154,8.00e-02,5.12e-01,-4.72e-01,-7.20e-01,
155,1.60e-01,5.12e-01,-4.24e-01,-8.40e-01,
156,8.00e-02,5.12e-01,-4.64e-01,-8.40e-01,
157,1.60e-01,5.12e-01,-4.16e-01,-7.20e-01,
158,8.00e-02,5.12e-01,-4.56e-01,-7.20e-01,
159,1.60e-01,5.12e-01,-4.16e-01,-8.40e-01,
160,8.00e-02,5.12e-01,-4.48e-01,-7.20e-01,
161,1.60e-01,5.12e-01,-4.00e-01,-8.40e-01,
162,8.00e-02,5.12e-01,-4.40e-01,-7.60e-01,
163,1.60e-01,5.12e-01,-3.92e-01,-6.80e-01,
164,1.60e-01,5.12e-01,-4.24e-01,-6.80e-01,
165,8.00e-02,5.12e-01,-3.68e-01,-7.60e-01,
166,8.00e-02,5.12e-01,-4.16e-01,-7.60e-01,
167,1.60e-01,5.12e-01,-3.60e-01,-6.40e-01,
168,8.00e-02,5.12e-01,-5.12e-01,-9.60e-01,
169,1.60e-01,5.12e-01,-1.76e-01,-3.20e-01,
170,8.00e-02,5.12e-01,-2.64e-01,-4.80e-01,
171,1.60e-01,5.12e-01,-3.44e-01,-6.40e-01,
172,8.00e-02,5.12e-01,-3.12e-01,-5.60e-01,
173,1.60e-01,5.12e-01,-3.76e-01,-6.80e-01,
174,8.00e-02,5.12e-01,-3.36e-01,-6.00e-01,
175,1.60e-01,5.12e-01,-4.08e-01,-7.20e-01,
176,8.00e-02,5.12e-01,-3.60e-01,-6.80e-01,
177,1.60e-01,5.12e-01,-4.24e-01,-7.60e-01,
178,8.00e-02,5.12e-01,-3.76e-01,-6.80e-01,
179,1.60e-01,5.12e-01,-4.24e-01,-7.60e-01,
180,8.00e-02,5.12e-01,-3.92e-01,-6.80e-01,
181,1.60e-01,5.12e-01,-4.32e-01,-7.60e-01,
182,8.00e-02,5.12e-01,-3.92e-01,-6.80e-01,
183,1.60e-01,5.12e-01,-4.48e-01,-8.40e-01,
184,8.00e-02,5.12e-01,-4.08e-01,-7.20e-01,
185,1.60e-01,5.12e-01,-4.56e-01,-8.40e-01,
186,8.00e-02,5.12e-01,-4.56e-01,-8.40e-01,
187,1.60e-01,-5.08e-01,-4.00e-01,-6.80e-01,
188,8.00e-02,-2.44e-01,-4.00e-01,-7.20e-01,
189,1.60e-01,5.12e-01,-4.56e-01,-8.40e-01,
190,8.00e-02,5.12e-01,-4.48e-01,-8.40e-01,
191,1.60e-01,5.12e-01,-4.00e-01,-6.80e-01,
192,8.00e-02,5.12e-01,-4.48e-01,-7.60e-01,
193,1.60e-01,5.12e-01,-3.92e-01,-6.80e-01,
194,8.00e-02,5.12e-01,-4.32e-01,-7.60e-01,
195,1.60e-01,5.12e-01,-3.84e-01,-6.80e-01,
196,8.00e-02,5.12e-01,-4.24e-01,-6.80e-01,
197,1.60e-01,5.12e-01,-3.76e-01,-7.60e-01,
198,8.00e-02,5.12e-01,-4.16e-01,-7.60e-01,
199,1.60e-01,5.12e-01,-3.68e-01,-6.80e-01,
200,8.00e-02,5.12e-01,-4.08e-01,-7.20e-01,
201,1.60e-01,5.12e-01,-3.52e-01,-6.00e-01,
202,1.60e-01,5.12e-01,-4.80e-01,-8.80e-01,
203,8.00e-02,5.12e-01,-1.76e-01,-3.20e-01,
204,8.00e-02,5.12e-01,-2.80e-01,-4.80e-01,
205,1.60e-01,5.12e-01,-3.60e-01,-6.40e-01,
206,8.00e-02,5.12e-01,-3.20e-01,-5.60e-01,
207,1.60e-01,5.12e-01,-3.92e-01,-7.20e-01,
208,8.00e-02,5.12e-01,-3.52e-01,-6.00e-01,
209,1.60e-01,5.12e-01,-4.08e-01,-7.60e-01,
210,8.00e-02,5.12e-01,-3.68e-01,-6.80e-01,
211,1.60e-01,5.12e-01,-4.24e-01,-7.60e-01,
212,8.00e-02,5.12e-01,-3.92e-01,-6.80e-01,
213,1.60e-01,5.12e-01,-4.40e-01,-8.40e-01,
214,8.00e-02,5.12e-01,-4.00e-01,-7.20e-01,
215,1.60e-01,5.12e-01,-4.56e-01,-8.40e-01,
216,8.00e-02,5.12e-01,-4.08e-01,-7.20e-01,
217,1.60e-01,5.12e-01,-4.56e-01,-8.40e-01,
218,8.00e-02,5.12e-01,-4.16e-01,-7.20e-01,
219,1.60e-01,5.12e-01,-4.64e-01,-8.40e-01,
220,8.00e-02,5.12e-01,-4.64e-01,-8.40e-01,
221,1.60e-01,5.12e-01,-4.08e-01,-7.20e-01,
222,8.00e-02,5.12e-01,-4.16e-01,-7.20e-01,
223,1.60e-01,5.12e-01,-4.64e-01,-8.40e-01,
224,8.00e-02,5.12e-01,-4.16e-01,-7.20e-01,
225,1.60e-01,5.12e-01,-4.64e-01,-8.40e-01,
226,8.00e-02,5.12e-01,-4.56e-01,-8.40e-01,
227,1.60e-01,5.12e-01,-4.08e-01,-7.20e-01,
228,8.00e-02,5.12e-01,-4.48e-01,-8.40e-01,
229,1.60e-01,5.12e-01,-3.76e-01,-6.80e-01,
230,8.00e-02,5.12e-01,-4.32e-01,-7.60e-01,
231,1.60e-01,5.12e-01,-3.76e-01,-6.80e-01,
232,8.00e-02,5.12e-01,-4.24e-01,-7.60e-01,
233,1.60e-01,5.12e-01,-3.60e-01,-6.00e-01,
234,1.60e-01,5.12e-01,-3.52e-01,-6.00e-01,
235,8.00e-02,5.12e-01,-4.80e-01,-8.80e-01,
236,1.60e-01,5.12e-01,-4.00e-01,-7.20e-01,
237,8.00e-02,5.12e-01,-1.84e-01,-3.20e-01,
238,8.00e-02,5.12e-01,-2.88e-01,-5.20e-01,
239,1.60e-01,5.12e-01,-3.68e-01,-6.40e-01,
240,1.60e-01,5.12e-01,-3.20e-01,-5.60e-01,
241,8.00e-02,5.12e-01,-3.92e-01,-7.20e-01,
242,1.60e-01,5.12e-01,-3.52e-01,-6.00e-01,
243,8.00e-02,5.12e-01,-4.16e-01,-7.60e-01,
244,8.00e-02,5.12e-01,-3.68e-01,-6.80e-01,
245,1.60e-01,5.12e-01,-4.24e-01,-7.60e-01,
246,8.00e-02,5.12e-01,-3.92e-01,-6.80e-01,
247,1.60e-01,5.12e-01,-4.40e-01,-8.00e-01,
248,8.00e-02,5.12e-01,-4.08e-01,-7.20e-01,
249,1.60e-01,5.12e-01,-4.56e-01,-8.40e-01,
250,8.00e-02,5.12e-01,-4.08e-01,-8.40e-01,
251,1.60e-01,5.12e-01,-4.64e-01,-7.20e-01,
252,8.00e-02,5.12e-01,-4.64e-01,-8.40e-01,
253,1.60e-01,5.12e-01,-4.08e-01,-7.20e-01,
254,8.00e-02,5.12e-01,-4.64e-01,-8.40e-01,
255,1.60e-01,5.12e-01,-4.08e-01,-7.20e-01,
256,8.00e-02,5.12e-01,-4.64e-01,-7.20e-01,
257,1.60e-01,5.12e-01,-4.08e-01,-8.40e-01,
258,8.00e-02,5.12e-01,-4.56e-01,-8.40e-01,
259,2.40e-01,5.12e-01,-4.08e-01,-7.20e-01,
260,2.40e-01,5.12e-01,-4.56e-01,-8.40e-01,
261,1.60e-01,5.12e-01,-3.92e-01,-6.80e-01,
262,1.60e-01,5.12e-01,-4.40e-01,-7.60e-01,
263,4.00e-01,5.12e-01,-3.92e-01,-6.80e-01,
264,4.00e-01,5.12e-01,-4.32e-01,-7.60e-01,
265,1.60e-01,5.12e-01,-3.76e-01,-6.40e-01,
266,3.20e-01,5.12e-01,-4.16e-01,-7.60e-01,
267,4.80e-01,5.12e-01,-3.60e-01,-6.00e-01,
268,3.20e-01,5.12e-01,-5.12e-01,-9.20e-01,
269,4.80e-01,5.12e-01,-1.68e-01,-3.20e-01,
270,4.00e-01,5.12e-01,-2.80e-01,-4.80e-01,
271,6.40e-01,5.12e-01,-3.52e-01,-6.40e-01,
272,6.40e-01,5.12e-01,-3.20e-01,-5.60e-01,
273,4.00e-01,5.12e-01,-3.84e-01,-7.20e-01,
274,5.60e-01,5.12e-01,-3.52e-01,-6.00e-01,
275,6.40e-01,5.12e-01,-4.16e-01,-7.60e-01,
276,5.60e-01,5.12e-01,-3.68e-01,-6.80e-01,
277,7.20e-01,5.12e-01,-4.24e-01,-7.60e-01,
278,7.20e-01,5.12e-01,-3.92e-01,-7.60e-01,
279,6.40e-01,5.12e-01,-4.48e-01,-6.80e-01,
280,6.40e-01,5.12e-01,-4.00e-01,-7.20e-01,
281,8.80e-01,5.12e-01,-4.56e-01,-8.40e-01,
282,8.80e-01,5.12e-01,-4.16e-01,-8.40e-01,
283,6.40e-01,5.12e-01,-4.64e-01,-7.20e-01,
284,8.00e-01,5.12e-01,-4.16e-01,-7.20e-01,
285,8.80e-01,5.12e-01,-4.72e-01,-8.40e-01,
286,8.00e-01,5.12e-01,-4.64e-01,-7.20e-01,
287,9.60e-01,5.12e-01,-4.16e-01,-8.40e-01,
288,9.60e-01,5.12e-01,-4.64e-01,-7.20e-01,
289,8.00e-01,5.12e-01,-4.08e-01,-8.40e-01,
290,8.80e-01,5.12e-01,-4.64e-01,-7.20e-01,
291,1.12e+00,5.12e-01,-4.16e-01,-8.40e-01,
292,1.12e+00,5.12e-01,-4.56e-01,-7.20e-01,
293,9.60e-01,5.12e-01,-4.08e-01,-8.40e-01,
294,1.04e+00,5.12e-01,-4.56e-01,-7.20e-01,
295,1.12e+00,5.12e-01,-4.00e-01,-8.40e-01,
296,1.04e+00,5.12e-01,-4.32e-01,-7.60e-01,
297,1.12e+00,5.12e-01,-3.92e-01,-6.80e-01,
298,1.04e+00,5.12e-01,-4.24e-01,-6.80e-01,
299,1.28e+00,5.12e-01,-3.68e-01,-7.60e-01,
300,1.20e+00,5.12e-01,-4.16e-01,-7.60e-01,
301,1.28e+00,5.12e-01,-3.60e-01,-6.40e-01,
302,1.20e+00,5.12e-01,-5.12e-01,-9.60e-01,
303,1.28e+00,5.12e-01,-1.84e-01,-3.60e-01,
304,1.20e+00,5.12e-01,-2.88e-01,-4.80e-01,
305,1.36e+00,5.12e-01,-3.68e-01,-6.40e-01,
306,1.20e+00,5.12e-01,-3.28e-01,-6.00e-01,
307,1.36e+00,5.12e-01,-3.92e-01,-7.20e-01,
308,1.28e+00,5.12e-01,-3.60e-01,-7.60e-01,
309,1.36e+00,5.12e-01,-4.24e-01,-6.00e-01,
310,1.28e+00,5.12e-01,-3.76e-01,-6.80e-01,
311,1.52e+00,5.12e-01,-4.32e-01,-7.60e-01,
312,1.52e+00,5.12e-01,-3.92e-01,-6.80e-01,
313,1.28e+00,5.12e-01,-4.48e-01,-8.40e-01,
314,1.52e+00,5.12e-01,-4.08e-01,-8.40e-01,
315,1.36e+00,5.12e-01,-4.64e-01,-7.20e-01,
316,1.44e+00,5.12e-01,-4.16e-01,-7.20e-01,
317,1.52e+00,5.12e-01,-4.64e-01,-8.40e-01,
318,1.52e+00,5.12e-01,-4.72e-01,-7.20e-01,
319,1.44e+00,5.12e-01,-4.24e-01,-8.40e-01,
320,1.44e+00,5.12e-01,-4.72e-01,-8.40e-01,
321,1.60e+00,5.12e-01,-4.16e-01,-7.20e-01,
322,1.44e+00,5.12e-01,-4.64e-01,-7.20e-01,
323,1.60e+00,5.12e-01,-4.16e-01,-8.40e-01,
324,1.44e+00,5.12e-01,-4.64e-01,-7.20e-01,
325,1.60e+00,5.12e-01,-4.16e-01,-8.40e-01,
326,1.52e+00,5.12e-01,-4.56e-01,-8.40e-01,
327,1.60e+00,5.12e-01,-4.00e-01,-7.20e-01,
328,1.60e+00,5.12e-01,-4.48e-01,-8.40e-01,
329,1.52e+00,5.12e-01,-3.92e-01,-6.80e-01,
330,1.60e+00,5.12e-01,-4.32e-01,-7.60e-01,
331,1.52e+00,5.12e-01,-3.76e-01,-6.80e-01,
332,1.60e+00,5.12e-01,-3.68e-01,-6.40e-01,
333,1.52e+00,5.12e-01,-4.88e-01,-8.80e-01,
334,1.60e+00,5.12e-01,-4.16e-01,-7.60e-01,
335,1.52e+00,5.12e-01,-1.68e-01,-3.20e-01,
336,1.52e+00,5.12e-01,-3.04e-01,-5.60e-01,
337,1.76e+00,5.12e-01,-3.76e-01,-6.40e-01,
338,1.52e+00,5.12e-01,-3.36e-01,-6.00e-01,
339,1.76e+00,5.12e-01,-4.00e-01,-7.20e-01,
340,1.76e+00,5.12e-01,-3.68e-01,-6.80e-01,
341,1.52e+00,5.12e-01,-4.24e-01,-7.60e-01,
342,1.52e+00,5.12e-01,-3.76e-01,-6.80e-01,
343,1.76e+00,5.12e-01,-4.40e-01,-7.60e-01,
344,1.76e+00,5.12e-01,-4.00e-01,-7.20e-01,
345,1.52e+00,5.12e-01,-4.56e-01,-8.40e-01,
346,1.68e+00,5.12e-01,-4.16e-01,-8.40e-01,
347,1.76e+00,5.12e-01,-4.64e-01,-7.20e-01,
348,1.68e+00,5.12e-01,-4.16e-01,-8.40e-01,
349,1.76e+00,5.12e-01,-4.72e-01,-7.20e-01,
350,1.68e+00,5.12e-01,-4.24e-01,-8.40e-01,
351,1.76e+00,5.12e-01,-4.72e-01,-7.20e-01,
352,1.68e+00,5.12e-01,-4.72e-01,-8.40e-01,
353,1.76e+00,5.12e-01,-4.24e-01,-7.20e-01,
354,1.68e+00,5.12e-01,-4.64e-01,-8.40e-01,
355,1.76e+00,5.12e-01,-4.24e-01,-7.20e-01,
356,1.76e+00,5.12e-01,-4.64e-01,-8.40e-01,
357,1.68e+00,5.12e-01,-4.16e-01,-7.20e-01,
358,1.68e+00,5.12e-01,-4.56e-01,-7.20e-01,
359,1.76e+00,5.12e-01,-4.00e-01,-8.40e-01,
360,1.68e+00,5.12e-01,-4.48e-01,-8.00e-01,
361,1.76e+00,5.12e-01,-3.92e-01,-6.80e-01,
362,1.68e+00,5.12e-01,-4.24e-01,-7.60e-01,
363,1.76e+00,5.12e-01,-3.76e-01,-6.80e-01,
364,1.68e+00,5.12e-01,-4.16e-01,-7.60e-01,
365,1.76e+00,5.12e-01,-3.68e-01,-6.80e-01,
366,1.76e+00,5.12e-01,-5.04e-01,-9.20e-01,
367,1.68e+00,5.12e-01,-1.84e-01,-3.20e-01,
368,1.76e+00,5.12e-01,-1.76e-01,-3.20e-01,
369,1.52e+00,5.12e-01,-3.44e-01,-6.00e-01,
370,1.76e+00,5.12e-01,-2.96e-01,-4.80e-01,
371,1.52e+00,5.12e-01,-3.68e-01,-6.40e-01,
372,1.52e+00,5.12e-01,-3.28e-01,-6.00e-01,
373,1.76e+00,5.12e-01,-3.92e-01,-7.20e-01,
374,1.52e+00,5.12e-01,-3.60e-01,-6.00e-01,
375,1.76e+00,5.12e-01,-4.08e-01,-7.60e-01,
376,1.52e+00,5.12e-01,-3.68e-01,-7.60e-01,
377,1.60e+00,5.12e-01,-4.24e-01,-6.80e-01,
378,1.60e+00,5.12e-01,-3.92e-01,-6.80e-01,
379,1.52e+00,5.12e-01,-4.32e-01,-7.60e-01,
380,1.60e+00,5.12e-01,-4.00e-01,-7.60e-01,
381,1.52e+00,5.12e-01,-4.40e-01,-7.20e-01,
382,1.52e+00,5.12e-01,-4.00e-01,-7.20e-01,
383,1.60e+00,5.12e-01,-4.48e-01,-8.40e-01,
384,1.60e+00,5.12e-01,-4.56e-01,-8.40e-01,
385,1.52e+00,5.12e-01,-4.00e-01,-7.20e-01,
386,1.60e+00,5.12e-01,-4.00e-01,-7.20e-01,
387,1.44e+00,5.12e-01,-4.56e-01,-8.40e-01,
388,1.44e+00,5.12e-01,-4.48e-01,-8.40e-01,
389,1.60e+00,5.12e-01,-4.00e-01,-6.80e-01,
390,1.60e+00,5.12e-01,-4.40e-01,-8.00e-01,
391,1.44e+00,5.12e-01,-3.92e-01,-6.80e-01,
392,1.52e+00,5.12e-01,-3.92e-01,-7.60e-01,
393,1.44e+00,5.12e-01,-4.32e-01,-6.80e-01,
394,1.44e+00,5.12e-01,-4.24e-01,-7.60e-01,
395,1.52e+00,5.12e-01,-3.76e-01,-6.80e-01,
396,1.52e+00,5.12e-01,-4.16e-01,-7.60e-01,
397,1.44e+00,5.12e-01,-3.68e-01,-6.80e-01,
398,1.52e+00,5.12e-01,-4.08e-01,-7.20e-01,
399,1.28e+00,5.12e-01,-3.60e-01,-6.40e-01,
400,1.28e+00,5.12e-01,-4.96e-01,-9.20e-01,
401,1.52e+00,5.12e-01,-1.92e-01,-3.60e-01,
402,1.28e+00,5.12e-01,-2.56e-01,-4.40e-01,
403,1.52e+00,5.12e-01,-3.44e-01,-6.40e-01,
404,1.28e+00,5.12e-01,-3.12e-01,-5.60e-01,
405,1.36e+00,5.12e-01,-3.84e-01,-7.20e-01,
406,1.36e+00,5.12e-01,-3.52e-01,-6.00e-01,
407,1.20e+00,5.12e-01,-4.08e-01,-7.60e-01,
408,1.36e+00,5.12e-01,-3.68e-01,-6.80e-01,
409,1.20e+00,5.12e-01,-4.24e-01,-7.60e-01,
410,1.20e+00,5.12e-01,-3.92e-01,-6.80e-01,
411,1.28e+00,5.12e-01,-4.40e-01,-7.60e-01,
412,1.28e+00,5.12e-01,-3.92e-01,-8.40e-01,
413,1.04e+00,5.12e-01,-4.56e-01,-6.80e-01,
414,1.28e+00,5.12e-01,-4.08e-01,-7.20e-01,
415,1.04e+00,5.12e-01,-4.64e-01,-8.40e-01,
416,1.04e+00,5.12e-01,-4.64e-01,-7.20e-01,
417,1.12e+00,5.12e-01,-4.16e-01,-8.40e-01,
418,1.12e+00,5.12e-01,-4.64e-01,-8.40e-01,
419,8.80e-01,5.12e-01,-4.16e-01,-7.20e-01,
420,1.12e+00,5.12e-01,-4.64e-01,-8.40e-01,
421,8.80e-01,5.12e-01,-4.16e-01,-7.20e-01,
422,9.60e-01,5.12e-01,-4.64e-01,-8.40e-01,
423,8.00e-01,5.12e-01,-4.16e-01,-7.20e-01,
424,8.00e-01,5.12e-01,-4.56e-01,-7.20e-01,
425,9.60e-01,5.12e-01,-4.16e-01,-8.40e-01,
426,8.00e-01,5.12e-01,-4.48e-01,-7.20e-01,
427,8.80e-01,5.12e-01,-4.00e-01,-8.40e-01,
428,8.80e-01,5.12e-01,-4.32e-01,-7.60e-01,
429,6.40e-01,5.12e-01,-3.92e-01,-6.80e-01,
430,8.80e-01,5.12e-01,-4.24e-01,-7.60e-01,
431,6.40e-01,5.12e-01,-3.68e-01,-6.80e-01,
432,7.20e-01,5.12e-01,-4.16e-01,-7.60e-01,
433,5.60e-01,5.12e-01,-3.60e-01,-6.00e-01,
434,7.20e-01,5.12e-01,-5.04e-01,-8.80e-01,
435,5.60e-01,5.12e-01,-1.76e-01,-3.20e-01,
436,6.40e-01,5.12e-01,-2.80e-01,-4.80e-01,
437,4.00e-01,5.12e-01,-3.60e-01,-6.40e-01,
438,4.00e-01,5.12e-01,-3.20e-01,-6.00e-01,
439,6.40e-01,5.12e-01,-3.84e-01,-7.20e-01,
440,4.80e-01,5.12e-01,-3.52e-01,-6.00e-01,
441,3.20e-01,5.12e-01,-4.08e-01,-7.60e-01,
442,3.20e-01,5.12e-01,-3.68e-01,-6.80e-01,
443,4.80e-01,5.12e-01,-4.32e-01,-7.60e-01,
444,4.00e-01,5.12e-01,-3.92e-01,-6.80e-01,
445,1.60e-01,5.12e-01,-4.40e-01,-8.00e-01,
446,1.60e-01,5.12e-01,-4.00e-01,-6.80e-01,
447,2.40e-01,5.12e-01,-4.56e-01,-8.40e-01,
448,2.40e-01,5.12e-01,-4.08e-01,-7.20e-01,
449,8.00e-02,5.12e-01,-4.64e-01,-8.40e-01,
450,8.00e-02,5.12e-01,-4.64e-01,-8.40e-01,
451,1.60e-01,5.12e-01,-4.08e-01,-7.20e-01,
452,8.00e-02,5.12e-01,-4.16e-01,-7.20e-01,
453,1.60e-01,5.12e-01,-4.72e-01,-8.40e-01,
454,1.60e-01,5.12e-01,-4.72e-01,-7.20e-01,
455,8.00e-02,5.12e-01,-4.00e-01,-8.40e-01,
456,1.60e-01,5.12e-01,-4.56e-01,-8.40e-01,
457,8.00e-02,5.12e-01,-4.08e-01,-7.20e-01,
458,8.00e-02,5.12e-01,-4.56e-01,-7.20e-01,
459,1.60e-01,5.12e-01,-4.08e-01,-8.40e-01,
460,1.60e-01,5.12e-01,-4.48e-01,-7.60e-01,
461,8.00e-02,5.12e-01,-3.92e-01,-6.80e-01,
462,8.00e-02,5.12e-01,-4.32e-01,-7.60e-01,
463,1.60e-01,5.12e-01,-3.68e-01,-6.80e-01,
464,8.00e-02,5.12e-01,-4.16e-01,-7.60e-01,
465,1.60e-01,5.12e-01,-3.60e-01,-6.80e-01,
466,8.00e-02,5.12e-01,-4.96e-01,-9.20e-01,
467,1.60e-01,5.12e-01,-1.68e-01,-3.20e-01,
468,8.00e-02,5.12e-01,-2.56e-01,-4.80e-01,
469,1.60e-01,5.12e-01,-3.44e-01,-6.40e-01,
470,8.00e-02,5.12e-01,-3.12e-01,-5.60e-01,
471,1.60e-01,5.12e-01,-3.76e-01,-7.20e-01,
472,8.00e-02,5.12e-01,-3.52e-01,-7.20e-01,
473,1.60e-01,5.12e-01,-4.08e-01,-6.00e-01,
474,8.00e-02,5.12e-01,-3.68e-01,-6.80e-01,
475,1.60e-01,5.12e-01,-4.24e-01,-7.60e-01,
476,8.00e-02,5.12e-01,-3.92e-01,-6.80e-01,
477,1.60e-01,5.12e-01,-4.32e-01,-7.60e-01,
478,8.00e-02,5.12e-01,-4.00e-01,-7.20e-01,
479,1.60e-01,5.12e-01,-4.48e-01,-8.40e-01,
480,8.00e-02,5.12e-01,-4.08e-01,-7.20e-01,
481,1.60e-01,5.12e-01,-4.56e-01,-8.40e-01,
482,1.60e-01,5.12e-01,-4.56e-01,-7.20e-01,
483,8.00e-02,5.12e-01,-4.08e-01,-8.40e-01,
484,8.00e-02,5.12e-01,-4.56e-01,-7.20e-01,
485,1.60e-01,5.12e-01,-4.00e-01,-8.40e-01,
486,1.60e-01,5.12e-01,-4.00e-01,-7.20e-01,
487,8.00e-02,5.12e-01,-4.56e-01,-8.40e-01,
488,8.00e-02,5.12e-01,-4.56e-01,-8.40e-01,
489,1.60e-01,5.12e-01,-4.08e-01,-7.20e-01,
490,1.60e-01,5.12e-01,-4.48e-01,-8.40e-01,
491,8.00e-02,5.12e-01,-3.92e-01,-7.20e-01,
492,8.00e-02,5.12e-01,-4.40e-01,-7.60e-01,
493,1.60e-01,5.12e-01,-3.92e-01,-6.80e-01,
494,8.00e-02,5.12e-01,-4.32e-01,-7.60e-01,
495,1.60e-01,5.12e-01,-3.76e-01,-6.80e-01,
496,8.00e-02,5.12e-01,-4.16e-01,-7.60e-01,
497,1.60e-01,5.12e-01,-3.60e-01,-6.00e-01,
498,8.00e-02,5.12e-01,-4.08e-01,-7.20e-01,
499,1.60e-01,5.12e-01,-3.60e-01,-6.00e-01,
500,8.00e-02,5.12e-01,-5.04e-01,-9.20e-01,
501,1.60e-01,5.12e-01,-1.84e-01,-3.20e-01,
502,8.00e-02,5.12e-01,-2.16e-01,-3.60e-01,
503,1.60e-01,5.12e-01,-3.36e-01,-6.00e-01,
504,8.00e-02,5.12e-01,-2.80e-01,-5.20e-01,
505,1.60e-01,5.12e-01,-3.76e-01,-6.80e-01,
506,8.00e-02,5.12e-01,-3.36e-01,-6.00e-01,
507,1.60e-01,5.12e-01,-4.00e-01,-7.20e-01,
508,8.00e-02,5.12e-01,-3.60e-01,-6.00e-01,
509,1.60e-01,5.12e-01,-4.16e-01,-7.60e-01,
510,8.00e-02,5.12e-01,-3.68e-01,-7.60e-01,
511,1.60e-01,5.12e-01,-4.32e-01,-6.80e-01,
512,8.00e-02,5.12e-01,-3.84e-01,-6.80e-01,
513,1.60e-01,5.12e-01,-4.40e-01,-7.60e-01,
514,8.00e-02,5.12e-01,-4.00e-01,-6.80e-01,
515,1.60e-01,5.12e-01,-4.48e-01,-8.00e-01,
516,8.00e-02,5.12e-01,-4.08e-01,-7.20e-01,
517,1.60e-01,-5.08e-01,-4.56e-01,-8.40e-01,
518,8.00e-02,-5.08e-01,-4.56e-01,-8.40e-01,
519,1.60e-01,5.00e-01,-3.92e-01,-6.80e-01,
520,8.00e-02,5.12e-01,-4.56e-01,-8.40e-01,
521,1.60e-01,5.00e-01,-4.00e-01,-7.20e-01,
522,8.00e-02,5.12e-01,-4.56e-01,-7.20e-01,
523,1.60e-01,5.12e-01,-4.00e-01,-8.40e-01,
524,1.60e-01,5.12e-01,-4.00e-01,-8.00e-01,
525,8.00e-02,5.12e-01,-4.48e-01,-6.80e-01,
526,8.00e-02,5.12e-01,-4.32e-01,-7.60e-01,
527,1.60e-01,5.12e-01,-3.92e-01,-6.80e-01,
528,8.00e-02,5.12e-01,-4.32e-01,-6.80e-01,
529,1.60e-01,5.12e-01,-3.76e-01,-7.60e-01,
530,8.00e-02,5.12e-01,-4.16e-01,-7.60e-01,
531,1.60e-01,5.12e-01,-3.68e-01,-6.80e-01,
532,8.00e-02,5.12e-01,-4.08e-01,-7.20e-01,
533,1.60e-01,5.12e-01,-3.52e-01,-6.00e-01,
534,8.00e-02,5.12e-01,-4.56e-01,-8.00e-01,
535,1.60e-01,5.12e-01,-1.68e-01,-3.20e-01,
536,8.00e-02,5.12e-01,-2.88e-01,-4.80e-01,
537,1.60e-01,5.12e-01,-3.60e-01,-6.40e-01,
538,8.00e-02,5.12e-01,-3.20e-01,-5.60e-01,
539,1.60e-01,5.12e-01,-3.84e-01,-7.20e-01,
540,8.00e-02,5.12e-01,-3.52e-01,-6.00e-01,
541,1.60e-01,5.12e-01,-4.08e-01,-7.20e-01,
542,8.00e-02,5.12e-01,-3.60e-01,-6.80e-01,
543,1.60e-01,5.12e-01,-4.24e-01,-7.60e-01,
544,8.00e-02,5.12e-01,-3.84e-01,-6.80e-01,
545,1.60e-01,5.12e-01,-4.32e-01,-7.60e-01,
546,8.00e-02,5.12e-01,-4.00e-01,-6.80e-01,
547,1.60e-01,5.12e-01,-4.48e-01,-8.00e-01,
548,8.00e-02,5.12e-01,-4.08e-01,-7.20e-01,
549,1.60e-01,5.12e-01,-4.56e-01,-8.40e-01,
550,8.00e-02,5.12e-01,-4.56e-01,-7.20e-01,
551,1.60e-01,5.12e-01,-4.00e-01,-8.40e-01,
552,8.00e-02,5.12e-01,-4.56e-01,-7.20e-01,
553,1.60e-01,5.12e-01,-4.16e-01,-8.40e-01,
554,8.00e-02,5.12e-01,-4.56e-01,-8.40e-01,
555,1.60e-01,5.12e-01,-4.08e-01,-7.20e-01,
556,8.00e-02,5.12e-01,-4.56e-01,-8.40e-01,
557,1.60e-01,5.12e-01,-4.00e-01,-7.20e-01,
558,1.60e-01,5.12e-01,-4.00e-01,-7.60e-01,
559,8.00e-02,5.12e-01,-4.48e-01,-7.20e-01,
560,8.00e-02,5.12e-01,-4.32e-01,-7.60e-01,
561,1.60e-01,5.12e-01,-3.92e-01,-6.80e-01,
562,8.00e-02,5.12e-01,-4.24e-01,-6.80e-01,
563,1.60e-01,5.12e-01,-3.76e-01,-7.60e-01,
564,8.00e-02,5.12e-01,-4.16e-01,-7.60e-01,
565,1.60e-01,5.12e-01,-3.68e-01,-6.80e-01,
566,8.00e-02,5.12e-01,-4.08e-01,-7.20e-01,
567,1.60e-01,5.12e-01,-3.36e-01,-6.00e-01,
568,8.00e-02,5.12e-01,-4.80e-01,-8.80e-01,
569,1.60e-01,5.12e-01,-1.76e-01,-3.20e-01,
570,8.00e-02,5.12e-01,-2.64e-01,-4.80e-01,
571,1.60e-01,5.12e-01,-3.44e-01,-6.40e-01,
572,8.00e-02,5.12e-01,-3.04e-01,-5.60e-01,
573,1.60e-01,5.12e-01,-3.76e-01,-6.40e-01,
574,8.00e-02,5.12e-01,-3.36e-01,-6.00e-01,
575,1.60e-01,5.12e-01,-3.92e-01,-7.20e-01,
576,8.00e-02,5.12e-01,-3.52e-01,-6.00e-01,
577,1.60e-01,5.12e-01,-4.16e-01,-7.60e-01,
578,8.00e-02,5.12e-01,-3.68e-01,-7.60e-01,
579,1.60e-01,5.12e-01,-4.24e-01,-6.80e-01,
580,8.00e-02,5.12e-01,-3.92e-01,-6.80e-01,
581,1.60e-01,5.12e-01,-4.40e-01,-7.60e-01,
582,8.00e-02,5.12e-01,-3.92e-01,-6.80e-01,
583,1.60e-01,5.12e-01,-4.48e-01,-8.00e-01,
584,8.00e-02,5.12e-01,-4.00e-01,-7.20e-01,
585,1.60e-01,5.12e-01,-4.48e-01,-8.40e-01,
586,8.00e-02,5.12e-01,-4.56e-01,-7.20e-01,
587,1.60e-01,5.12e-01,-4.00e-01,-8.40e-01,
588,8.00e-02,5.12e-01,-4.08e-01,-7.20e-01,
589,1.60e-01,5.12e-01,-4.48e-01,-8.40e-01,
590,8.00e-02,5.12e-01,-4.48e-01,-7.20e-01,
591,2.40e-01,5.12e-01,-4.00e-01,-8.40e-01,
592,1.60e-01,5.12e-01,-4.40e-01,-7.60e-01,
593,2.40e-01,5.12e-01,-3.92e-01,-6.80e-01,
594,1.60e-01,5.12e-01,-4.32e-01,-7.60e-01,
595,4.00e-01,5.12e-01,-3.92e-01,-6.80e-01,
596,4.00e-01,5.12e-01,-4.24e-01,-6.80e-01,
597,3.20e-01,5.12e-01,-3.68e-01,-7.60e-01,
598,3.20e-01,5.12e-01,-4.16e-01,-7.60e-01,
599,4.80e-01,5.12e-01,-3.68e-01,-6.80e-01,
600,4.80e-01,5.12e-01,-4.08e-01,-7.20e-01,
601,3.20e-01,5.12e-01,-3.52e-01,-6.00e-01,
602,4.00e-01,5.12e-01,-5.12e-01,-9.20e-01,
603,6.40e-01,5.12e-01,-1.76e-01,-3.20e-01,
604,6.40e-01,5.12e-01,-2.88e-01,-4.80e-01,
605,4.00e-01,5.12e-01,-3.68e-01,-6.40e-01,
606,6.40e-01,5.12e-01,-3.28e-01,-5.60e-01,
607,5.60e-01,5.12e-01,-3.92e-01,-7.20e-01,
608,5.60e-01,5.12e-01,-3.52e-01,-6.00e-01,
609,7.20e-01,5.12e-01,-4.16e-01,-7.60e-01,
610,7.20e-01,5.12e-01,-3.76e-01,-7.60e-01,
611,6.40e-01,5.12e-01,-4.32e-01,-6.80e-01,
612,6.40e-01,5.12e-01,-3.92e-01,-6.80e-01,
613,8.80e-01,5.12e-01,-4.48e-01,-8.40e-01,
614,6.40e-01,5.12e-01,-4.08e-01,-7.20e-01,
615,8.80e-01,5.12e-01,-4.64e-01,-8.40e-01,
616,8.80e-01,5.12e-01,-4.64e-01,-8.40e-01,
617,8.00e-01,5.12e-01,-4.16e-01,-7.20e-01,
618,8.00e-01,5.12e-01,-4.24e-01,-7.20e-01,
619,9.60e-01,5.12e-01,-4.64e-01,-8.40e-01,
620,9.60e-01,5.12e-01,-4.72e-01,-8.40e-01,
621,8.00e-01,5.12e-01,-4.24e-01,-7.20e-01,
622,8.80e-01,5.12e-01,-4.24e-01,-8.40e-01,
623,1.12e+00,5.12e-01,-4.72e-01,-7.20e-01,
624,1.12e+00,5.12e-01,-4.64e-01,-8.40e-01,
625,8.80e-01,5.12e-01,-4.16e-01,-7.20e-01,
626,1.12e+00,5.12e-01,-4.56e-01,-8.40e-01,
627,8.80e-01,5.12e-01,-4.16e-01,-7.20e-01,
628,1.04e+00,5.12e-01,-4.56e-01,-8.40e-01,
629,1.20e+00,5.12e-01,-4.00e-01,-7.20e-01,
630,1.04e+00,5.12e-01,-4.40e-01,-7.60e-01,
631,1.28e+00,5.12e-01,-3.92e-01,-6.80e-01,
632,1.20e+00,5.12e-01,-4.24e-01,-6.80e-01,
633,1.28e+00,5.12e-01,-3.68e-01,-7.60e-01,
634,1.20e+00,5.12e-01,-4.48e-01,-9.60e-01,
635,1.28e+00,5.12e-01,-2.00e-01,-3.60e-01,
636,1.20e+00,5.12e-01,-1.84e-01,-3.20e-01,
637,1.36e+00,5.12e-01,-3.36e-01,-6.40e-01,
638,1.20e+00,5.12e-01,-3.04e-01,-5.60e-01,
639,1.36e+00,5.12e-01,-3.76e-01,-7.20e-01,
640,1.28e+00,5.12e-01,-3.20e-01,-7.20e-01,
641,1.36e+00,5.12e-01,-4.00e-01,-6.00e-01,
642,1.28e+00,5.12e-01,-3.68e-01,-6.80e-01,
643,1.36e+00,5.12e-01,-4.24e-01,-7.60e-01,
644,1.28e+00,5.12e-01,-3.76e-01,-6.80e-01,
645,1.52e+00,5.12e-01,-4.40e-01,-7.60e-01,
646,1.28e+00,5.12e-01,-3.92e-01,-7.20e-01,
647,1.52e+00,5.12e-01,-4.56e-01,-8.40e-01,
648,1.44e+00,5.12e-01,-4.08e-01,-7.20e-01,
649,1.52e+00,5.12e-01,-4.64e-01,-8.40e-01,
650,1.44e+00,5.12e-01,-4.64e-01,-7.20e-01,
651,1.52e+00,5.12e-01,-4.08e-01,-8.40e-01,
652,1.44e+00,5.12e-01,-4.64e-01,-7.20e-01,
653,1.52e+00,5.12e-01,-4.16e-01,-8.40e-01,
654,1.44e+00,5.12e-01,-4.64e-01,-7.20e-01,
655,1.60e+00,5.12e-01,-4.16e-01,-8.40e-01,
656,1.44e+00,5.12e-01,-4.16e-01,-8.40e-01,
657,1.60e+00,5.12e-01,-4.64e-01,-7.20e-01,
658,1.60e+00,5.12e-01,-4.64e-01,-7.20e-01,
659,1.44e+00,5.12e-01,-4.08e-01,-8.40e-01,
660,1.60e+00,5.12e-01,-4.48e-01,-7.20e-01,
661,1.52e+00,5.12e-01,-4.00e-01,-8.40e-01,
662,1.60e+00,5.12e-01,-4.32e-01,-7.60e-01,
663,1.52e+00,5.12e-01,-3.68e-01,-6.80e-01,
664,1.60e+00,5.12e-01,-4.24e-01,-7.60e-01,
665,1.52e+00,5.12e-01,-3.68e-01,-6.00e-01,
666,1.52e+00,5.12e-01,-4.16e-01,-7.60e-01,
667,1.60e+00,5.12e-01,-3.60e-01,-6.00e-01,
668,1.52e+00,5.12e-01,-5.12e-01,-9.20e-01,
669,1.76e+00,5.12e-01,-1.60e-01,-3.20e-01,
670,1.76e+00,5.12e-01,-2.88e-01,-4.80e-01,
671,1.52e+00,5.12e-01,-3.68e-01,-6.40e-01,
672,1.76e+00,5.12e-01,-3.28e-01,-5.60e-01,
673,1.52e+00,5.12e-01,-3.92e-01,-7.20e-01,
674,1.52e+00,5.12e-01,-3.52e-01,-6.00e-01,
675,1.76e+00,5.12e-01,-4.08e-01,-7.20e-01,
676,1.76e+00,5.12e-01,-3.68e-01,-6.80e-01,
677,1.52e+00,5.12e-01,-4.24e-01,-7.60e-01,
678,1.76e+00,5.12e-01,-3.84e-01,-6.80e-01,
679,1.68e+00,5.12e-01,-4.40e-01,-7.60e-01,
680,1.68e+00,5.12e-01,-3.92e-01,-7.20e-01,
681,1.76e+00,5.12e-01,-4.48e-01,-8.40e-01,
682,1.68e+00,5.12e-01,-4.08e-01,-7.20e-01,
683,1.76e+00,5.12e-01,-4.56e-01,-8.40e-01,
684,1.68e+00,5.12e-01,-4.56e-01,-7.20e-01,
685,1.76e+00,5.12e-01,-4.08e-01,-8.40e-01,
686,1.68e+00,5.12e-01,-4.56e-01,-8.40e-01,
687,1.76e+00,5.12e-01,-4.08e-01,-7.20e-01,
688,1.68e+00,5.12e-01,-4.56e-01,-7.20e-01,
689,1.76e+00,5.12e-01,-4.00e-01,-8.40e-01,
690,1.68e+00,5.12e-01,-4.56e-01,-8.00e-01,
691,1.76e+00,5.12e-01,-4.00e-01,-7.20e-01,
692,1.68e+00,5.12e-01,-4.32e-01,-7.60e-01,
693,1.76e+00,5.12e-01,-3.92e-01,-6.80e-01,
694,1.76e+00,5.12e-01,-4.32e-01,-6.80e-01,
695,1.60e+00,5.12e-01,-3.84e-01,-7.60e-01,
696,1.52e+00,5.12e-01,-4.24e-01,-6.80e-01,
697,1.76e+00,5.12e-01,-3.68e-01,-7.60e-01,
698,1.76e+00,5.12e-01,-4.08e-01,-7.60e-01,
699,1.52e+00,5.12e-01,-3.60e-01,-6.00e-01,
700,1.76e+00,5.12e-01,-3.92e-01,-6.00e-01,
701,1.52e+00,5.12e-01,-3.44e-01,-7.20e-01,
702,1.76e+00,5.12e-01,-4.88e-01,-9.20e-01,
703,1.52e+00,5.12e-01,-1.84e-01,-3.60e-01,
704,1.76e+00,5.12e-01,-2.56e-01,-4.40e-01,
705,1.52e+00,5.12e-01,-3.44e-01,-6.40e-01,
706,1.60e+00,5.12e-01,-3.04e-01,-6.40e-01,
707,1.52e+00,5.12e-01,-3.76e-01,-5.60e-01,
708,1.60e+00,5.12e-01,-3.28e-01,-6.00e-01,
709,1.52e+00,5.12e-01,-3.92e-01,-7.20e-01,
710,1.52e+00,5.12e-01,-3.44e-01,-6.00e-01,
711,1.60e+00,5.12e-01,-4.08e-01,-7.60e-01,
712,1.60e+00,5.12e-01,-3.60e-01,-7.60e-01,
713,1.52e+00,5.12e-01,-4.24e-01,-6.80e-01,
714,1.60e+00,5.12e-01,-3.76e-01,-6.80e-01,
715,1.52e+00,5.12e-01,-4.32e-01,-7.60e-01,
716,1.60e+00,5.12e-01,-3.84e-01,-7.60e-01,
717,1.52e+00,5.12e-01,-4.48e-01,-6.80e-01,
718,1.60e+00,5.12e-01,-4.00e-01,-7.20e-01,
719,1.44e+00,5.12e-01,-4.48e-01,-8.40e-01,
720,1.44e+00,5.12e-01,-4.48e-01,-7.20e-01,
721,1.60e+00,5.12e-01,-4.00e-01,-8.40e-01,
722,1.44e+00,5.12e-01,-4.56e-01,-7.20e-01,
723,1.60e+00,5.12e-01,-3.92e-01,-8.00e-01,
724,1.52e+00,5.12e-01,-4.00e-01,-7.60e-01,
725,1.44e+00,5.12e-01,-4.48e-01,-6.80e-01,
726,1.44e+00,5.12e-01,-4.40e-01,-7.60e-01,
727,1.52e+00,5.12e-01,-3.92e-01,-6.80e-01,
728,1.44e+00,5.12e-01,-4.32e-01,-7.60e-01,
729,1.52e+00,5.12e-01,-3.76e-01,-6.80e-01,
730,1.52e+00,5.12e-01,-4.24e-01,-6.80e-01,
731,1.28e+00,5.12e-01,-3.76e-01,-7.60e-01,
732,1.28e+00,5.12e-01,-4.08e-01,-7.60e-01,
733,1.52e+00,5.12e-01,-3.60e-01,-6.40e-01,
734,1.36e+00,5.12e-01,-4.00e-01,-7.20e-01,
735,1.28e+00,5.12e-01,-3.36e-01,-6.00e-01,
736,1.36e+00,5.12e-01,-4.72e-01,-8.80e-01,
737,1.28e+00,5.12e-01,-1.68e-01,-3.20e-01,
738,1.36e+00,5.12e-01,-2.72e-01,-4.80e-01,
739,1.20e+00,5.12e-01,-3.60e-01,-6.40e-01,
740,1.20e+00,5.12e-01,-3.20e-01,-5.60e-01,
741,1.36e+00,5.12e-01,-3.76e-01,-7.20e-01,
742,1.20e+00,5.12e-01,-3.36e-01,-6.00e-01,
743,1.28e+00,5.12e-01,-4.08e-01,-7.20e-01,
744,1.28e+00,5.12e-01,-3.60e-01,-6.80e-01,
745,1.04e+00,5.12e-01,-4.16e-01,-7.60e-01,
746,1.04e+00,5.12e-01,-3.76e-01,-6.80e-01,
747,1.28e+00,5.12e-01,-4.32e-01,-7.60e-01,
748,1.04e+00,5.12e-01,-3.92e-01,-7.20e-01,
749,1.12e+00,5.12e-01,-4.48e-01,-8.00e-01,
750,1.12e+00,5.12e-01,-4.56e-01,-7.20e-01,
751,1.04e+00,5.12e-01,-4.00e-01,-8.40e-01,
752,1.12e+00,5.12e-01,-4.08e-01,-8.40e-01,
753,8.80e-01,5.12e-01,-4.56e-01,-7.20e-01,
754,9.60e-01,5.12e-01,-4.08e-01,-7.20e-01,
755,8.80e-01,5.12e-01,-4.56e-01,-8.40e-01,
756,9.60e-01,5.12e-01,-4.56e-01,-7.20e-01,
757,8.00e-01,5.12e-01,-4.08e-01,-8.40e-01,
758,8.00e-01,5.12e-01,-4.48e-01,-7.20e-01,
759,9.60e-01,5.12e-01,-4.00e-01,-8.40e-01,
760,8.80e-01,5.12e-01,-4.48e-01,-7.20e-01,
761,6.40e-01,5.12e-01,-3.92e-01,-8.40e-01,
762,8.80e-01,5.12e-01,-4.32e-01,-7.60e-01,
763,6.40e-01,5.12e-01,-3.92e-01,-6.80e-01,
764,7.20e-01,5.12e-01,-4.32e-01,-7.60e-01,
765,6.40e-01,5.12e-01,-3.76e-01,-6.80e-01,
766,7.20e-01,5.12e-01,-4.16e-01,-6.80e-01,
767,5.60e-01,5.12e-01,-3.68e-01,-7.60e-01,
768,6.40e-01,5.12e-01,-4.08e-01,-7.20e-01,
769,5.60e-01,5.12e-01,-3.52e-01,-6.00e-01,
770,6.40e-01,5.12e-01,-4.80e-01,-8.80e-01,
771,4.00e-01,5.12e-01,-1.76e-01,-3.20e-01,
772,4.80e-01,5.12e-01,-2.32e-01,-4.40e-01,
773,4.00e-01,5.12e-01,-3.36e-01,-6.00e-01,
774,4.80e-01,5.12e-01,-3.04e-01,-5.60e-01,
775,3.20e-01,5.12e-01,-3.68e-01,-6.40e-01,
776,4.00e-01,5.12e-01,-3.28e-01,-6.00e-01,
777,1.60e-01,5.12e-01,-3.92e-01,-7.20e-01,
778,4.00e-01,5.12e-01,-3.52e-01,-6.00e-01,
779,1.60e-01,5.12e-01,-4.08e-01,-7.60e-01,
780,2.40e-01,5.12e-01,-3.52e-01,-7.60e-01,
781,8.00e-02,5.12e-01,-4.24e-01,-6.00e-01,
782,2.40e-01,5.12e-01,-3.76e-01,-7.60e-01,
783,8.00e-02,5.12e-01,-4.32e-01,-6.80e-01,
784,1.60e-01,5.12e-01,-3.92e-01,-6.80e-01,
785,8.00e-02,5.12e-01,-4.40e-01,-7.60e-01,
786,8.00e-02,5.12e-01,-4.00e-01,-7.20e-01,
787,1.60e-01,5.12e-01,-4.48e-01,-8.40e-01,
788,8.00e-02,5.12e-01,-4.56e-01,-8.40e-01,
789,1.60e-01,5.12e-01,-4.00e-01,-6.80e-01,
790,8.00e-02,5.12e-01,-4.56e-01,-8.40e-01,
791,1.60e-01,5.12e-01,-4.00e-01,-7.20e-01,
792,1.60e-01,5.12e-01,-4.48e-01,-7.20e-01,
793,8.00e-02,5.12e-01,-3.92e-01,-8.40e-01,
794,8.00e-02,5.12e-01,-3.92e-01,-7.60e-01,
795,1.60e-01,5.12e-01,-4.40e-01,-6.80e-01,
796,1.60e-01,5.12e-01,-4.32e-01,-7.60e-01,
797,8.00e-02,5.12e-01,-3.92e-01,-6.80e-01,
798,8.00e-02,5.12e-01,-4.24e-01,-6.80e-01,
799,1.60e-01,5.12e-01,-3.76e-01,-7.60e-01,
800,1.60e-01,5.12e-01,-3.68e-01,-7.60e-01,
801,8.00e-02,5.12e-01,-4.24e-01,-6.80e-01,
802,8.00e-02,5.12e-01,-4.08e-01,-7.60e-01,
803,1.60e-01,5.12e-01,-3.60e-01,-6.00e-01,
804,8.00e-02,5.12e-01,-4.88e-01,-8.80e-01,
805,1.60e-01,5.12e-01,-1.76e-01,-3.20e-01,
806,8.00e-02,5.12e-01,-2.72e-01,-4.80e-01,
807,1.60e-01,5.12e-01,-3.60e-01,-6.40e-01,
808,8.00e-02,5.12e-01,-3.20e-01,-5.60e-01,
809,1.60e-01,5.12e-01,-3.84e-01,-7.20e-01,
810,8.00e-02,5.12e-01,-3.52e-01,-6.00e-01,
811,1.60e-01,5.12e-01,-4.16e-01,-7.60e-01,
812,8.00e-02,5.12e-01,-3.68e-01,-7.60e-01,
813,1.60e-01,5.12e-01,-4.24e-01,-6.80e-01,
814,8.00e-02,5.12e-01,-3.92e-01,-7.60e-01,
815,1.60e-01,5.12e-01,-4.40e-01,-6.80e-01,
816,8.00e-02,5.12e-01,-4.00e-01,-7.20e-01,
817,1.60e-01,5.12e-01,-4.56e-01,-8.40e-01,
818,8.00e-02,5.12e-01,-4.08e-01,-8.40e-01,
819,1.60e-01,5.12e-01,-4.64e-01,-7.20e-01,
820,8.00e-02,5.12e-01,-4.16e-01,-7.20e-01,
821,1.60e-01,5.12e-01,-4.64e-01,-8.40e-01,
822,8.00e-02,5.12e-01,-4.64e-01,-8.40e-01,
823,1.60e-01,5.12e-01,-4.16e-01,-7.20e-01,
824,8.00e-02,5.12e-01,-4.64e-01,-7.20e-01,
825,1.60e-01,5.12e-01,-4.16e-01,-8.40e-01,
826,8.00e-02,5.12e-01,-4.56e-01,-7.20e-01,
827,1.60e-01,5.12e-01,-4.08e-01,-8.40e-01,
828,1.60e-01,5.12e-01,-4.56e-01,-8.40e-01,
829,8.00e-02,5.12e-01,-4.08e-01,-7.20e-01,
830,8.00e-02,5.12e-01,-4.48e-01,-7.20e-01,
831,1.60e-01,5.12e-01,-4.00e-01,-8.40e-01,
832,8.00e-02,5.12e-01,-4.32e-01,-7.60e-01,
833,1.60e-01,5.12e-01,-3.84e-01,-6.80e-01,
834,8.00e-02,5.12e-01,-4.16e-01,-6.80e-01,
835,1.60e-01,5.12e-01,-3.68e-01,-7.60e-01,
836,1.60e-01,5.12e-01,-4.08e-01,-7.20e-01,
837,8.00e-02,5.12e-01,-3.52e-01,-6.00e-01,
838,8.00e-02,5.12e-01,-5.12e-01,-9.20e-01,
839,1.60e-01,5.12e-01,-1.84e-01,-3.20e-01,
840,8.00e-02,5.12e-01,-2.80e-01,-4.80e-01,
841,1.60e-01,5.12e-01,-3.68e-01,-6.40e-01,
842,8.00e-02,5.12e-01,-3.20e-01,-5.60e-01,
843,1.60e-01,5.12e-01,-3.84e-01,-7.20e-01,
844,8.00e-02,5.12e-01,-3.52e-01,-7.20e-01,
845,1.60e-01,5.12e-01,-4.08e-01,-6.00e-01,
846,8.00e-02,5.12e-01,-3.68e-01,-6.80e-01,
847,1.60e-01,5.12e-01,-4.24e-01,-7.60e-01,
848,1.60e-01,5.12e-01,-3.84e-01,-6.80e-01,
849,8.00e-02,5.12e-01,-4.32e-01,-7.60e-01,
850,8.00e-02,5.12e-01,-4.00e-01,-6.80e-01,
851,1.60e-01,-5.08e-01,-4.56e-01,-8.00e-01,
852,1.60e-01,-5.08e-01,-4.00e-01,-7.20e-01,
853,8.00e-02,4.60e-01,-4.56e-01,-8.40e-01,
854,8.00e-02,4.52e-01,-4.08e-01,-7.20e-01,
855,1.60e-01,5.12e-01,-4.64e-01,-8.40e-01,
856,8.00e-02,5.12e-01,-4.56e-01,-8.40e-01,
857,1.60e-01,5.12e-01,-4.00e-01,-7.20e-01,
858,8.00e-02,5.12e-01,-4.56e-01,-7.20e-01,
859,1.60e-01,5.12e-01,-4.08e-01,-8.40e-01,
860,8.00e-02,5.12e-01,-4.56e-01,-8.40e-01,
861,1.60e-01,5.12e-01,-4.00e-01,-7.20e-01,
862,8.00e-02,5.12e-01,-4.00e-01,-7.60e-01,
863,1.60e-01,5.12e-01,-4.48e-01,-6.80e-01,
864,8.00e-02,5.12e-01,-4.40e-01,-7.60e-01,
865,1.60e-01,5.12e-01,-3.92e-01,-6.80e-01,
866,8.00e-02,5.12e-01,-4.32e-01,-6.80e-01,
867,1.60e-01,5.12e-01,-3.68e-01,-7.60e-01,
868,8.00e-02,5.12e-01,-4.16e-01,-7.60e-01,
869,1.60e-01,5.12e-01,-3.60e-01,-6.80e-01,
870,8.00e-02,5.12e-01,-4.80e-01,-8.80e-01,
871,1.60e-01,5.12e-01,-1.52e-01,-3.20e-01,
872,8.00e-02,5.12e-01,-1.68e-01,-3.20e-01,
873,1.60e-01,5.12e-01,-3.36e-01,-6.00e-01,
874,1.60e-01,5.12e-01,-3.04e-01,-5.60e-01,
875,8.00e-02,5.12e-01,-3.68e-01,-6.40e-01,
876,8.00e-02,5.12e-01,-3.28e-01,-6.00e-01,
877,1.60e-01,5.12e-01,-3.84e-01,-7.20e-01,
878,1.60e-01,5.12e-01,-3.60e-01,-6.00e-01,
879,8.00e-02,5.12e-01,-4.16e-01,-7.60e-01,
880,8.00e-02,5.12e-01,-3.68e-01,-7.60e-01,
881,1.60e-01,5.12e-01,-4.24e-01,-6.80e-01,
882,8.00e-02,5.12e-01,-3.76e-01,-6.80e-01,
883,1.60e-01,5.12e-01,-4.32e-01,-7.60e-01,
884,8.00e-02,5.12e-01,-3.92e-01,-7.60e-01,
885,1.60e-01,5.12e-01,-4.48e-01,-6.80e-01,
886,1.60e-01,5.12e-01,-4.00e-01,-7.20e-01,
887,8.00e-02,5.12e-01,-4.56e-01,-8.40e-01,
888,1.60e-01,5.12e-01,-4.08e-01,-7.20e-01,
889,8.00e-02,5.12e-01,-4.56e-01,-8.40e-01,
890,8.00e-02,5.12e-01,-4.56e-01,-7.20e-01,
891,1.60e-01,5.12e-01,-4.08e-01,-8.40e-01,
892,8.00e-02,5.12e-01,-4.56e-01,-8.40e-01,
893,1.60e-01,5.12e-01,-4.00e-01,-7.20e-01,
894,1.60e-01,5.12e-01,-4.00e-01,-7.20e-01,
895,8.00e-02,5.12e-01,-4.48e-01,-8.40e-01,
896,8.00e-02,5.12e-01,-4.32e-01,-8.00e-01,
897,1.60e-01,5.12e-01,-4.00e-01,-6.80e-01,
898,8.00e-02,5.12e-01,-3.92e-01,-7.60e-01,
899,1.60e-01,5.12e-01,-4.32e-01,-6.80e-01,
900,8.00e-02,5.12e-01,-4.16e-01,-6.80e-01,
901,1.60e-01,5.12e-01,-3.76e-01,-7.60e-01,
902,8.00e-02,5.12e-01,-4.16e-01,-7.60e-01,
903,1.60e-01,5.12e-01,-3.60e-01,-6.80e-01,
904,8.00e-02,5.12e-01,-3.92e-01,-7.20e-01,
905,1.60e-01,5.12e-01,-3.52e-01,-6.00e-01,
906,8.00e-02,5.12e-01,-4.96e-01,-9.60e-01,
907,1.60e-01,5.12e-01,-1.84e-01,-3.60e-01,
908,8.00e-02,5.12e-01,-2.80e-01,-4.80e-01,
909,1.60e-01,5.12e-01,-3.60e-01,-6.40e-01,
910,8.00e-02,5.12e-01,-3.28e-01,-5.60e-01,
911,1.60e-01,5.12e-01,-3.84e-01,-7.20e-01,
912,8.00e-02,5.12e-01,-3.52e-01,-6.00e-01,
913,1.60e-01,5.12e-01,-4.08e-01,-7.60e-01,
914,8.00e-02,5.12e-01,-3.68e-01,-7.60e-01,
915,1.60e-01,5.12e-01,-4.24e-01,-6.80e-01,
916,8.00e-02,5.12e-01,-3.92e-01,-7.60e-01,
917,1.60e-01,5.12e-01,-4.32e-01,-6.80e-01,
918,8.00e-02,5.12e-01,-4.00e-01,-6.80e-01,
919,1.60e-01,5.12e-01,-4.40e-01,-8.40e-01,
920,1.60e-01,5.12e-01,-4.08e-01,-8.40e-01,
921,8.00e-02,5.12e-01,-4.64e-01,-7.20e-01,
922,8.00e-02,5.12e-01,-4.16e-01,-7.20e-01,
923,1.60e-01,5.12e-01,-4.64e-01,-8.40e-01,
924,8.00e-02,5.12e-01,-4.64e-01,-8.40e-01,
925,2.40e-01,5.12e-01,-4.16e-01,-7.20e-01,
926,8.00e-02,5.12e-01,-4.08e-01,-8.40e-01,
927,2.40e-01,5.12e-01,-4.64e-01,-7.20e-01,
928,1.60e-01,5.12e-01,-4.08e-01,-8.40e-01,
929,4.00e-01,5.12e-01,-4.56e-01,-7.20e-01,
930,4.00e-01,5.12e-01,-4.48e-01,-7.20e-01,
931,1.60e-01,5.12e-01,-4.00e-01,-8.00e-01,
932,3.20e-01,5.12e-01,-4.48e-01,-7.60e-01,
933,4.80e-01,5.12e-01,-3.92e-01,-6.80e-01,
934,3.20e-01,5.12e-01,-4.24e-01,-6.80e-01,
935,4.80e-01,5.12e-01,-3.76e-01,-7.60e-01,
936,4.00e-01,5.12e-01,-4.16e-01,-6.80e-01,
937,6.40e-01,5.12e-01,-3.60e-01,-7.60e-01,
938,4.00e-01,5.12e-01,-4.88e-01,-8.40e-01,
939,6.40e-01,5.12e-01,-1.76e-01,-3.20e-01,
940,6.40e-01,5.12e-01,-2.72e-01,-4.80e-01,
941,5.60e-01,5.12e-01,-3.52e-01,-6.40e-01,
942,5.60e-01,5.12e-01,-3.12e-01,-5.60e-01,
943,7.20e-01,5.12e-01,-3.84e-01,-7.20e-01,
944,7.20e-01,5.12e-01,-3.52e-01,-6.00e-01,
945,6.40e-01,5.12e-01,-4.08e-01,-7.60e-01,
946,6.40e-01,5.12e-01,-3.68e-01,-7.60e-01,
947,8.80e-01,5.12e-01,-4.24e-01,-6.80e-01,
948,8.80e-01,5.12e-01,-3.92e-01,-6.80e-01,
949,6.40e-01,5.12e-01,-4.40e-01,-8.40e-01,
950,8.00e-01,5.12e-01,-4.00e-01,-7.20e-01,
951,8.80e-01,5.12e-01,-4.56e-01,-8.40e-01,
952,8.00e-01,5.12e-01,-4.16e-01,-8.40e-01,
953,9.60e-01,5.12e-01,-4.64e-01,-7.20e-01,
954,8.00e-01,5.12e-01,-4.16e-01,-7.20e-01,
955,9.60e-01,5.12e-01,-4.64e-01,-8.40e-01,
956,9.60e-01,5.12e-01,-4.72e-01,-7.20e-01,
957,8.80e-01,5.12e-01,-4.08e-01,-8.40e-01,
958,8.80e-01,5.12e-01,-4.64e-01,-8.40e-01,
959,1.12e+00,5.12e-01,-4.16e-01,-7.20e-01,
960,1.12e+00,5.12e-01,-4.64e-01,-7.20e-01,
961,1.04e+00,5.12e-01,-4.16e-01,-8.40e-01,
962,1.12e+00,5.12e-01,-4.08e-01,-7.20e-01,
963,1.04e+00,5.12e-01,-4.56e-01,-8.40e-01,
964,1.04e+00,5.12e-01,-4.48e-01,-7.20e-01,
965,1.20e+00,5.12e-01,-3.92e-01,-8.40e-01,
966,1.04e+00,5.12e-01,-4.32e-01,-7.60e-01,
967,1.28e+00,5.12e-01,-3.84e-01,-6.80e-01,
968,1.20e+00,5.12e-01,-3.52e-01,-7.60e-01,
969,1.28e+00,5.12e-01,-4.24e-01,-6.00e-01,
970,1.20e+00,5.12e-01,-4.08e-01,-7.60e-01,
971,1.36e+00,5.12e-01,-3.60e-01,-6.40e-01,
972,1.20e+00,5.12e-01,-5.12e-01,-9.60e-01,
973,1.36e+00,5.12e-01,-1.76e-01,-3.20e-01,
974,1.20e+00,5.12e-01,-2.80e-01,-4.80e-01,
975,1.36e+00,5.12e-01,-3.44e-01,-6.40e-01,
976,1.36e+00,5.12e-01,-3.12e-01,-5.60e-01,
977,1.28e+00,5.12e-01,-3.76e-01,-7.20e-01,
978,1.28e+00,5.12e-01,-3.44e-01,-6.00e-01,
979,1.52e+00,5.12e-01,-3.92e-01,-7.20e-01,
980,1.28e+00,5.12e-01,-3.60e-01,-6.00e-01,
981,1.52e+00,5.12e-01,-4.16e-01,-7.60e-01,
982,1.52e+00,5.12e-01,-3.76e-01,-7.60e-01,
983,1.28e+00,5.12e-01,-4.24e-01,-6.80e-01,
984,1.44e+00,5.12e-01,-3.92e-01,-6.80e-01,
985,1.52e+00,5.12e-01,-4.40e-01,-7.60e-01,
986,1.44e+00,5.12e-01,-4.40e-01,-7.60e-01,
987,1.52e+00,5.12e-01,-3.92e-01,-6.80e-01,
988,1.44e+00,5.12e-01,-4.00e-01,-7.20e-01,
989,1.60e+00,5.12e-01,-4.48e-01,-8.40e-01,
990,1.60e+00,5.12e-01,-4.00e-01,-8.40e-01,
991,1.44e+00,5.12e-01,-4.56e-01,-6.80e-01,
992,1.44e+00,5.12e-01,-4.48e-01,-8.40e-01,
993,1.60e+00,5.12e-01,-4.00e-01,-6.80e-01,
994,1.60e+00,5.12e-01,-4.48e-01,-8.40e-01,
995,1.44e+00,5.12e-01,-3.92e-01,-6.80e-01,
996,1.52e+00,5.12e-01,-4.32e-01,-7.60e-01,
997,1.60e+00,5.12e-01,-3.92e-01,-6.80e-01,
998,1.60e+00,5.12e-01,-4.32e-01,-6.80e-01,
999,1.52e+00,5.12e-01,-3.84e-01,-7.60e-01,
1000,1.60e+00,5.12e-01,-4.24e-01,-7.60e-01,
1001,1.52e+00,5.12e-01,-3.68e-01,-6.80e-01,
1002,1.52e+00,5.12e-01,-4.16e-01,-6.80e-01,
1003,1.60e+00,5.12e-01,-3.60e-01,-7.60e-01,
1004,1.60e+00,5.12e-01,-4.00e-01,-7.20e-01,
1005,1.52e+00,5.12e-01,-3.52e-01,-6.00e-01,
1006,1.52e+00,5.12e-01,-5.04e-01,-9.60e-01,
1007,1.76e+00,5.12e-01,-1.76e-01,-3.20e-01,
1008,1.76e+00,5.12e-01,-2.88e-01,-4.80e-01,
1009,1.52e+00,5.12e-01,-3.60e-01,-6.40e-01,
1010,1.52e+00,5.12e-01,-3.20e-01,-5.60e-01,
1011,1.76e+00,5.12e-01,-3.84e-01,-7.20e-01,
1012,1.76e+00,5.12e-01,-3.52e-01,-6.00e-01,
1013,1.60e+00,5.12e-01,-4.16e-01,-7.20e-01,
1014,1.68e+00,5.12e-01,-3.68e-01,-6.80e-01,
1015,1.76e+00,5.12e-01,-4.24e-01,-7.60e-01,
1016,1.76e+00,5.12e-01,-4.32e-01,-6.80e-01,
1017,1.68e+00,5.12e-01,-3.84e-01,-7.60e-01,
1018,1.76e+00,5.12e-01,-4.00e-01,-6.80e-01,
1019,1.68e+00,5.12e-01,-4.48e-01,-8.00e-01,
1020,1.68e+00,5.12e-01,-4.00e-01,-7.20e-01,
1021,1.76e+00,5.12e-01,-4.56e-01,-8.40e-01,
1022,1.76e+00,5.12e-01,-4.08e-01,-8.40e-01,
1023,1.68e+00,5.12e-01,-4.56e-01,-7.20e-01,
1024,1.76e+00,5.12e-01,-4.08e-01,-7.20e-01,
1025,1.68e+00,5.12e-01,-4.56e-01,-8.40e-01,
1026,1.68e+00,5.12e-01,-4.56e-01,-7.20e-01,
1027,1.76e+00,5.12e-01,-4.08e-01,-8.40e-01,
1028,1.68e+00,5.12e-01,-4.48e-01,-8.40e-01,
1029,1.76e+00,5.12e-01,-4.08e-01,-7.20e-01,
1030,1.68e+00,5.12e-01,-4.48e-01,-7.20e-01,
1031,1.76e+00,5.12e-01,-4.00e-01,-8.40e-01,
1032,1.68e+00,5.12e-01,-4.32e-01,-7.60e-01,
1033,1.76e+00,5.12e-01,-3.92e-01,-6.80e-01,
1034,1.68e+00,5.12e-01,-4.24e-01,-6.80e-01,
1035,1.76e+00,5.12e-01,-3.68e-01,-7.60e-01,
1036,1.76e+00,5.12e-01,-3.44e-01,-7.60e-01,
1037,1.68e+00,5.12e-01,-4.16e-01,-6.00e-01,
1038,1.76e+00,5.12e-01,-3.92e-01,-6.00e-01,
1039,1.60e+00,5.12e-01,-3.44e-01,-7.20e-01,
1040,1.76e+00,5.12e-01,-4.80e-01,-8.80e-01,
1041,1.52e+00,5.12e-01,-1.84e-01,-3.20e-01,
1042,1.76e+00,5.12e-01,-2.72e-01,-4.80e-01,
1043,1.52e+00,5.12e-01,-3.44e-01,-6.40e-01,
1044,1.76e+00,5.12e-01,-3.04e-01,-6.40e-01,
1045,1.52e+00,5.12e-01,-3.68e-01,-4.80e-01,
1046,1.52e+00,5.12e-01,-3.28e-01,-6.00e-01,
1047,1.76e+00,5.12e-01,-3.84e-01,-7.20e-01,
1048,1.60e+00,5.12e-01,-3.52e-01,-7.20e-01,
1049,1.52e+00,5.12e-01,-4.08e-01,-6.00e-01,
1050,1.60e+00,5.12e-01,-3.68e-01,-6.80e-01,
1051,1.52e+00,5.12e-01,-4.24e-01,-7.60e-01,
1052,1.60e+00,5.12e-01,-3.76e-01,-6.80e-01,
1053,1.52e+00,5.12e-01,-4.32e-01,-7.60e-01,
1054,1.60e+00,5.12e-01,-4.32e-01,-7.60e-01,
1055,1.52e+00,5.12e-01,-3.92e-01,-6.80e-01,
1056,1.60e+00,5.12e-01,-4.00e-01,-7.60e-01,
1057,1.52e+00,5.12e-01,-4.48e-01,-6.80e-01,
1058,1.60e+00,5.12e-01,-3.92e-01,-6.80e-01,
1059,1.44e+00,5.12e-01,-4.56e-01,-8.00e-01,
1060,1.44e+00,5.12e-01,-4.48e-01,-7.60e-01,
1061,1.60e+00,5.12e-01,-3.92e-01,-6.80e-01,
1062,1.60e+00,5.12e-01,-4.48e-01,-7.60e-01,
1063,1.44e+00,5.12e-01,-3.92e-01,-6.80e-01,
1064,1.44e+00,5.12e-01,-4.32e-01,-7.60e-01,
1065,1.52e+00,5.12e-01,-3.92e-01,-6.80e-01,
1066,1.44e+00,5.12e-01,-4.24e-01,-6.80e-01,
1067,1.52e+00,5.12e-01,-3.76e-01,-7.60e-01,
1068,1.44e+00,5.12e-01,-4.16e-01,-7.60e-01,
1069,1.52e+00,5.12e-01,-3.68e-01,-6.40e-01,
1070,1.52e+00,5.12e-01,-4.08e-01,-7.60e-01,
1071,1.28e+00,5.12e-01,-3.60e-01,-6.00e-01,
1072,1.44e+00,5.12e-01,-3.92e-01,-6.00e-01,
1073,1.28e+00,5.12e-01,-3.44e-01,-7.20e-01,
1074,1.36e+00,5.12e-01,-4.88e-01,-8.80e-01,
1075,1.28e+00,5.12e-01,-1.52e-01,-3.20e-01,
1076,1.28e+00,5.12e-01,-2.64e-01,-4.80e-01,
1077,1.36e+00,5.12e-01,-3.36e-01,-6.00e-01,
1078,1.36e+00,5.12e-01,-3.04e-01,-5.60e-01,
1079,1.20e+00,5.12e-01,-3.68e-01,-6.40e-01,
1080,1.36e+00,5.12e-01,-3.28e-01,-6.00e-01,
1081,1.20e+00,5.12e-01,-3.92e-01,-7.20e-01,
1082,1.20e+00,5.12e-01,-3.52e-01,-6.00e-01,
1083,1.28e+00,5.12e-01,-4.08e-01,-7.20e-01,
1084,1.28e+00,5.12e-01,-3.68e-01,-6.80e-01,
1085,1.04e+00,5.12e-01,-4.16e-01,-7.60e-01,
1086,1.20e+00,5.12e-01,-3.76e-01,-6.80e-01,
1087,1.04e+00,5.12e-01,-4.24e-01,-7.60e-01,
1088,1.04e+00,5.12e-01,-3.92e-01,-6.80e-01,
1089,1.12e+00,5.12e-01,-4.32e-01,-7.60e-01,
1090,1.12e+00,5.12e-01,-3.92e-01,-7.60e-01,
1091,8.80e-01,5.12e-01,-4.40e-01,-6.80e-01,
1092,8.80e-01,5.12e-01,-4.00e-01,-7.60e-01,
1093,9.60e-01,5.12e-01,-4.48e-01,-6.80e-01,
1094,9.60e-01,5.12e-01,-4.48e-01,-7.60e-01,
1095,8.00e-01,5.12e-01,-3.92e-01,-6.80e-01,
1096,8.00e-01,5.12e-01,-4.32e-01,-7.60e-01,
1097,9.60e-01,5.12e-01,-3.92e-01,-6.80e-01,
1098,8.00e-01,5.12e-01,-4.32e-01,-7.60e-01,
1099,8.80e-01,5.12e-01,-3.92e-01,-6.80e-01,
1100,8.80e-01,5.12e-01,-4.32e-01,-7.60e-01,
1101,6.40e-01,5.12e-01,-3.76e-01,-6.80e-01,
1102,7.20e-01,5.12e-01,-4.24e-01,-7.60e-01,
1103,6.40e-01,5.12e-01,-3.68e-01,-6.40e-01,
1104,7.20e-01,5.12e-01,-4.16e-01,-7.60e-01,
1105,5.60e-01,5.12e-01,-3.60e-01,-6.00e-01,
1106,6.40e-01,5.12e-01,-4.00e-01,-7.20e-01,
1107,4.80e-01,5.12e-01,-3.44e-01,-6.00e-01,
1108,4.00e-01,5.12e-01,-3.84e-01,-7.20e-01,
1109,6.40e-01,5.12e-01,-3.36e-01,-5.60e-01,
1110,4.80e-01,5.12e-01,-4.96e-01,-8.80e-01,
1111,3.20e-01,5.12e-01,-1.84e-01,-3.20e-01,
1112,3.20e-01,5.12e-01,-2.80e-01,-4.80e-01,
1113,4.80e-01,5.12e-01,-3.44e-01,-6.40e-01,
1114,4.00e-01,5.12e-01,-3.12e-01,-5.60e-01,
1115,1.60e-01,5.12e-01,-3.76e-01,-7.20e-01,
1116,1.60e-01,5.12e-01,-3.44e-01,-7.20e-01,
1117,4.00e-01,5.12e-01,-4.08e-01,-6.00e-01,
1118,2.40e-01,5.12e-01,-3.60e-01,-6.00e-01,
1119,8.00e-02,5.12e-01,-4.16e-01,-7.60e-01,
1120,8.00e-02,5.12e-01,-3.68e-01,-7.60e-01,
1121,1.60e-01,5.12e-01,-4.32e-01,-6.80e-01,
1122,1.60e-01,5.12e-01,-3.92e-01,-7.60e-01,
1123,8.00e-02,5.12e-01,-4.40e-01,-6.80e-01,
1124,8.00e-02,5.12e-01,-4.00e-01,-7.20e-01,
1125,1.60e-01,5.12e-01,-4.48e-01,-8.40e-01,
1126,8.00e-02,5.12e-01,-4.08e-01,-7.20e-01,
1127,1.60e-01,5.12e-01,-4.56e-01,-8.40e-01,
1128,8.00e-02,5.12e-01,-4.56e-01,-7.20e-01,
1129,1.60e-01,5.12e-01,-4.00e-01,-8.40e-01,
1130,8.00e-02,5.12e-01,-4.56e-01,-8.40e-01,
1131,1.60e-01,5.12e-01,-4.00e-01,-7.20e-01,
1132,1.60e-01,5.12e-01,-4.56e-01,-8.40e-01,
1133,8.00e-02,5.12e-01,-3.92e-01,-6.80e-01,
1134,8.00e-02,5.12e-01,-4.40e-01,-7.60e-01,
1135,1.60e-01,5.12e-01,-3.92e-01,-6.80e-01,
1136,8.00e-02,5.12e-01,-4.32e-01,-7.60e-01,
1137,1.60e-01,5.12e-01,-3.92e-01,-6.80e-01,
1138,8.00e-02,5.12e-01,-4.24e-01,-6.80e-01,
1139,1.60e-01,5.12e-01,-3.76e-01,-7.60e-01,
1140,8.00e-02,5.12e-01,-4.16e-01,-7.60e-01,
1141,1.60e-01,5.12e-01,-3.52e-01,-6.00e-01,
1142,8.00e-02,5.12e-01,-4.80e-01,-8.80e-01,
1143,1.60e-01,5.12e-01,-1.68e-01,-3.20e-01,
1144,8.00e-02,5.12e-01,-2.00e-01,-3.60e-01,
1145,1.60e-01,5.12e-01,-3.36e-01,-6.00e-01,
1146,8.00e-02,5.12e-01,-3.04e-01,-5.60e-01,
1147,1.60e-01,5.12e-01,-3.76e-01,-6.40e-01,
1148,8.00e-02,5.12e-01,-3.36e-01,-6.00e-01,
1149,1.60e-01,5.12e-01,-3.92e-01,-7.20e-01,
1150,8.00e-02,5.12e-01,-3.60e-01,-6.00e-01,
1151,1.60e-01,5.12e-01,-4.24e-01,-7.60e-01,
1152,1.60e-01,5.12e-01,-3.76e-01,-6.80e-01,
1153,8.00e-02,5.12e-01,-4.32e-01,-7.60e-01,
1154,8.00e-02,5.12e-01,-4.00e-01,-7.20e-01,
1155,1.60e-01,5.12e-01,-4.56e-01,-8.40e-01,
1156,8.00e-02,5.12e-01,-4.08e-01,-7.20e-01,
1157,1.60e-01,5.12e-01,-4.56e-01,-8.40e-01,
1158,8.00e-02,5.12e-01,-4.56e-01,-8.40e-01,
1159,1.60e-01,5.12e-01,-4.08e-01,-7.20e-01,
1160,8.00e-02,5.12e-01,-4.16e-01,-7.20e-01,
1161,1.60e-01,5.12e-01,-4.64e-01,-8.40e-01,
1162,8.00e-02,5.12e-01,-4.16e-01,-8.40e-01,
1163,1.60e-01,5.12e-01,-4.64e-01,-7.20e-01,
1164,8.00e-02,5.12e-01,-4.64e-01,-8.40e-01,
1165,1.60e-01,5.12e-01,-4.08e-01,-7.20e-01,
1166,8.00e-02,5.12e-01,-4.56e-01,-8.40e-01,
1167,1.60e-01,5.12e-01,-4.00e-01,-7.20e-01,
1168,8.00e-02,5.12e-01,-4.48e-01,-8.00e-01,
1169,1.60e-01,5.12e-01,-4.00e-01,-7.20e-01,
1170,8.00e-02,5.12e-01,-4.32e-01,-7.60e-01,
1171,1.60e-01,5.12e-01,-3.92e-01,-6.80e-01,
1172,8.00e-02,5.12e-01,-4.24e-01,-6.80e-01,
1173,1.60e-01,5.12e-01,-3.68e-01,-7.60e-01,
1174,1.60e-01,5.12e-01,-4.08e-01,-6.80e-01,
1175,8.00e-02,5.12e-01,-3.60e-01,-7.60e-01,
1176,8.00e-02,5.12e-01,-5.04e-01,-8.80e-01,
1177,1.60e-01,5.12e-01,-1.92e-01,-3.60e-01,
1178,8.00e-02,5.12e-01,-1.76e-01,-3.20e-01,
1179,1.60e-01,5.12e-01,-3.36e-01,-6.00e-01,
1180,1.60e-01,5.12e-01,-3.04e-01,-5.60e-01,
1181,8.00e-02,5.12e-01,-3.68e-01,-6.40e-01,
1182,8.00e-02,5.12e-01,-3.28e-01,-6.00e-01,
1183,1.60e-01,5.12e-01,-3.84e-01,-7.20e-01,
1184,8.00e-02,5.12e-01,-3.52e-01,-6.00e-01,
1185,1.60e-01,5.12e-01,-4.08e-01,-7.20e-01,
1186,8.00e-02,5.12e-01,-3.68e-01,-6.80e-01,
1187,1.60e-01,-5.08e-01,-4.16e-01,-7.60e-01,
1188,8.00e-02,-5.08e-01,-3.76e-01,-6.80e-01,
1189,1.60e-01,5.12e-01,-4.32e-01,-7.60e-01,
1190,1.60e-01,5.12e-01,-3.92e-01,-7.60e-01,
1191,8.00e-02,5.12e-01,-4.40e-01,-6.80e-01,
1192,8.00e-02,5.12e-01,-4.00e-01,-7.20e-01,
1193,1.60e-01,5.12e-01,-4.48e-01,-8.40e-01,
1194,8.00e-02,5.12e-01,-4.48e-01,-7.20e-01,
1195,1.60e-01,5.12e-01,-4.00e-01,-8.40e-01,
1196,8.00e-02,5.12e-01,-4.00e-01,-7.20e-01,
1197,1.60e-01,5.12e-01,-4.56e-01,-8.40e-01,
1198,8.00e-02,5.12e-01,-4.48e-01,-6.80e-01,
1199,1.60e-01,5.12e-01,-3.92e-01,-8.40e-01,
